id,first_name,last_name,email,gender,ip_address,time
1,Gloriana,Drynan,gdrynan0@mac.com,Female,0.133.158.126,2019-01-29 00:02:45
2,Otho,Churchouse,ochurchouse1@cnbc.com,Male,213.220.10.33,2020-08-18 07:32:52
3,Marcile,De Cristoforo,mdecristoforo2@spiegel.de,Female,136.23.33.26,2019-03-04 19:47:15
4,Eddi,Cowpe,ecowpe3@instagram.com,Female,241.208.40.134,2020-11-21 18:58:49
5,Linzy,Beere,lbeere4@cbsnews.com,Female,210.114.195.202,2020-02-26 16:12:41
6,Casey,McCotter,cmccotter5@bloglovin.com,Female,185.34.241.158,2020-05-23 00:51:42
7,Avictor,Goodier,agoodier6@state.gov,Male,239.246.181.95,2019-01-06 02:50:15
8,Leeann,Ratnege,lratnege7@addthis.com,Female,250.60.124.171,2020-08-11 09:43:48
9,Aymer,Jarman,ajarman8@va.gov,Male,227.11.5.39,2020-03-15 22:06:54
10,Francyne,Gallamore,fgallamore9@bigcartel.com,Female,176.55.244.87,2020-06-18 14:32:52
11,Genevieve,Atchly,gatchlya@qq.com,Female,130.117.78.77,2019-11-20 10:38:14
12,Shamus,Cornock,scornockb@google.com.br,Male,246.66.138.67,2019-04-24 10:25:54
13,Antonin,Parrington,aparringtonc@reddit.com,Male,17.217.157.117,2020-02-19 11:50:15
14,Janessa,Skurray,jskurrayd@livejournal.com,Female,91.104.109.214,2019-09-11 18:22:58
15,Andie,Brusle,abruslee@weebly.com,Male,144.153.210.120,2019-10-09 09:10:48
16,Reilly,Feasley,rfeasleyf@hatena.ne.jp,Male,45.218.59.147,2020-08-13 01:43:16
17,Vaughn,Grishanin,vgrishaning@fc2.com,Male,98.9.145.58,2019-07-02 09:48:30
18,Celene,Gamlin,cgamlinh@123-reg.co.uk,Female,120.94.215.55,2020-03-18 01:31:46
19,Tabbie,Triebner,ttriebneri@intel.com,Female,241.61.70.186,2019-11-26 08:45:31
20,Aretha,Vedeshkin,avedeshkinj@newyorker.com,Female,118.131.113.168,2019-01-19 18:53:35
21,Shantee,Dix,sdixk@flavors.me,Female,49.109.34.44,2019-10-26 03:09:56
22,Maurizio,Jenkinson,mjenkinsonl@freewebs.com,Male,46.181.24.229,2020-07-25 14:39:04
23,Ethe,Minker,eminkerm@pagesperso-orange.fr,Male,66.164.102.133,2019-12-27 15:18:05
24,Daveen,Pumfrett,dpumfrettn@163.com,Female,119.66.84.59,2020-10-31 11:41:45
25,Davis,Cromie,dcromieo@state.gov,Male,250.208.79.138,2020-02-05 15:46:26
26,Gwenny,Roslen,groslenp@examiner.com,Female,143.114.23.113,2020-03-12 16:21:15
27,Meade,Bembridge,mbembridgeq@ocn.ne.jp,Female,153.16.85.205,2020-08-31 14:09:00
28,Bernardina,Liell,bliellr@hud.gov,Female,169.161.18.176,2021-01-02 13:58:13
29,Bianka,Jeanes,bjeaness@domainmarket.com,Female,180.171.27.187,2019-05-19 13:58:09
30,Kinnie,Tarbath,ktarbatht@state.tx.us,Male,226.15.49.252,2020-12-03 15:34:42
31,Woody,Helin,whelinu@state.gov,Male,103.47.118.145,2020-01-21 03:16:42
32,Parsifal,Noton,pnotonv@xrea.com,Male,44.49.139.75,2020-06-15 16:08:05
33,Olympie,Merman,omermanw@surveymonkey.com,Female,123.18.186.18,2020-12-08 00:15:42
34,Grover,Dumphreys,gdumphreysx@bing.com,Male,208.156.67.25,2019-01-29 07:08:58
35,Ella,Trythall,etrythally@boston.com,Female,8.29.187.78,2019-07-29 07:52:57
36,Raul,Kobpa,rkobpaz@ezinearticles.com,Male,22.47.3.80,2020-10-29 06:47:16
37,Everett,Jarad,ejarad10@hibu.com,Male,174.248.27.75,2020-09-22 01:06:50
38,Link,Westcot,lwestcot11@typepad.com,Male,115.9.142.253,2020-09-17 11:05:43
39,Benedicto,Sperwell,bsperwell12@japanpost.jp,Male,214.27.43.206,2019-11-07 03:46:54
40,Kalina,Farnworth,kfarnworth13@t-online.de,Female,10.213.146.154,2020-07-19 16:31:00
41,Boote,Getcliffe,bgetcliffe14@etsy.com,Male,94.78.190.37,2020-11-19 00:09:56
42,Cissy,Stenhouse,cstenhouse15@kickstarter.com,Female,89.99.65.83,2020-04-15 03:14:09
43,Veradis,Mair,vmair16@bravesites.com,Female,196.251.80.143,2019-09-20 18:22:41
44,Trix,Rodge,trodge17@privacy.gov.au,Female,251.231.90.10,2020-02-19 13:08:53
45,Pablo,Terram,pterram18@360.cn,Male,108.188.9.127,2020-12-28 07:13:22
46,Teriann,Matthews,tmatthews19@hud.gov,Female,124.21.223.213,2019-09-09 19:08:13
47,Holden,Clarridge,hclarridge1a@feedburner.com,Male,225.93.139.250,2020-09-05 06:05:31
48,Derry,Favelle,dfavelle1b@google.de,Male,86.86.37.173,2019-09-16 22:40:00
49,Merilyn,Genery,mgenery1c@salon.com,Female,97.79.48.7,2020-06-06 07:38:22
50,Noni,Stoppard,nstoppard1d@bigcartel.com,Female,236.110.88.76,2019-11-20 03:03:14
51,Marietta,Wittey,mwittey1e@un.org,Female,22.96.39.138,2019-06-08 13:41:20
52,Trevar,Cridlan,tcridlan1f@mozilla.org,Male,189.175.88.27,2019-12-26 03:27:57
53,Joice,Mapston,jmapston1g@ftc.gov,Female,117.56.141.107,2019-11-28 11:56:45
54,Rosette,Gealy,rgealy1h@bbc.co.uk,Female,188.213.117.31,2020-01-22 01:01:47
55,Edin,Craigie,ecraigie1i@netscape.com,Female,96.41.214.158,2020-03-09 23:21:01
56,Tammy,Hundey,thundey1j@1688.com,Male,36.230.246.68,2020-11-18 18:48:11
57,Ailis,Jurkiewicz,ajurkiewicz1k@cnet.com,Female,174.209.51.129,2020-01-20 19:58:11
58,Angelo,Hurlestone,ahurlestone1l@tamu.edu,Male,251.205.113.219,2020-05-09 16:53:23
59,Madelle,Shortcliffe,mshortcliffe1m@delicious.com,Female,91.123.150.1,2020-10-16 09:40:21
60,Adan,Hubbuck,ahubbuck1n@people.com.cn,Female,83.51.50.21,2020-09-05 19:23:55
61,Rube,Ragbourne,rragbourne1o@etsy.com,Male,100.219.206.149,2020-11-15 11:24:31
62,Jory,Amiranda,jamiranda1p@wikipedia.org,Male,217.56.167.45,2019-04-05 06:04:39
63,Brinn,Bugs,bbugs1q@fotki.com,Female,189.193.238.119,2019-06-27 05:36:34
64,Rodolph,Reek,rreek1r@mashable.com,Male,46.62.194.147,2019-06-12 13:03:57
65,Nadine,Matysiak,nmatysiak1s@blinklist.com,Female,215.232.28.98,2019-12-12 18:49:01
66,Sheryl,Arrandale,sarrandale1t@shutterfly.com,Female,24.69.42.252,2019-02-12 23:51:31
67,Eugenius,Bauser,ebauser1u@topsy.com,Male,43.39.248.167,2019-12-23 01:19:36
68,Willa,Swetman,wswetman1v@addtoany.com,Female,55.72.49.10,2019-04-05 04:30:52
69,Joshua,Noone,jnoone1w@taobao.com,Male,100.84.30.87,2019-04-02 08:53:56
70,Corrie,Culter,cculter1x@addthis.com,Male,255.193.13.62,2020-05-31 22:18:31
71,Emmalyn,Quarles,equarles1y@yale.edu,Female,172.48.67.252,2019-03-03 11:33:22
72,Mirella,Niesing,mniesing1z@gizmodo.com,Female,149.67.88.175,2019-12-22 07:55:24
73,Bibby,Ethridge,bethridge20@nih.gov,Female,16.87.229.142,2019-12-31 00:11:25
74,Luciana,Bowler,lbowler21@feedburner.com,Female,136.86.164.240,2020-11-09 03:21:21
75,Dukey,Kleinzweig,dkleinzweig22@dagondesign.com,Male,41.129.138.108,2019-05-23 10:58:09
76,Norah,Dishman,ndishman23@booking.com,Female,78.203.86.48,2020-09-03 02:45:29
77,Lainey,Aloigi,laloigi24@mlb.com,Female,74.78.166.179,2020-11-16 13:15:58
78,Hedwig,Frays,hfrays25@ted.com,Female,253.109.227.101,2020-11-10 01:39:22
79,Tally,Killgus,tkillgus26@go.com,Female,148.95.167.116,2020-05-12 06:09:00
80,Kennett,Maylor,kmaylor27@china.com.cn,Male,40.175.194.192,2020-05-15 11:54:04
81,Thor,Greatrakes,tgreatrakes28@xrea.com,Male,108.65.62.18,2019-03-01 16:24:37
82,Brandie,Alywen,balywen29@harvard.edu,Female,232.7.108.79,2020-12-31 16:25:34
83,Tedmund,Pover,tpover2a@princeton.edu,Male,190.164.218.218,2020-04-05 15:27:31
84,Zelda,Baradel,zbaradel2b@usda.gov,Female,29.234.36.140,2020-05-12 18:13:07
85,Claudina,Berrisford,cberrisford2c@theguardian.com,Female,185.203.149.129,2019-02-27 13:31:27
86,Kathlin,Hukins,khukins2d@buzzfeed.com,Female,131.173.195.121,2019-02-20 10:32:30
87,Richart,Dunge,rdunge2e@yahoo.com,Male,73.222.205.189,2020-03-17 11:35:34
88,Klement,Pariso,kpariso2f@alibaba.com,Male,174.43.116.217,2020-12-30 18:06:14
89,Dorine,Pinke,dpinke2g@mediafire.com,Female,62.213.236.103,2020-06-26 14:24:22
90,Gwendolin,Dufton,gdufton2h@techcrunch.com,Female,167.161.240.151,2019-03-07 18:47:15
91,Kellia,Bau,kbau2i@creativecommons.org,Female,130.143.26.85,2019-04-08 20:43:44
92,Benjamen,Hexham,bhexham2j@fastcompany.com,Male,48.255.202.40,2019-02-09 04:21:46
93,Luigi,Clamp,lclamp2k@1und1.de,Male,90.129.106.238,2020-06-08 15:47:01
94,Othelia,Muris,omuris2l@newsvine.com,Female,138.126.37.127,2020-07-04 23:20:34
95,Willa,Cinnamond,wcinnamond2m@umich.edu,Female,111.164.188.115,2019-06-21 23:56:09
96,Merrill,Shilstone,mshilstone2n@sfgate.com,Female,47.22.77.21,2019-12-28 00:09:14
97,Wadsworth,Hyde-Chambers,whydechambers2o@cbsnews.com,Male,193.250.43.28,2019-07-02 14:29:05
98,Kelsi,Twine,ktwine2p@narod.ru,Female,14.86.228.151,2020-06-16 10:38:30
99,Mabel,Blakelock,mblakelock2q@nature.com,Female,32.66.106.233,2019-02-22 00:50:30
100,Haywood,Aimeric,haimeric2r@cnn.com,Male,25.127.89.109,2020-12-16 20:51:09
101,Corrie,Fosten,cfosten2s@weibo.com,Male,131.39.234.213,2020-11-22 15:48:57
102,Bevon,Mowne,bmowne2t@prnewswire.com,Male,249.136.126.251,2020-11-27 12:32:14
103,Rocky,Heselwood,rheselwood2u@linkedin.com,Male,44.242.63.175,2020-04-17 09:58:26
104,Killie,Milmoe,kmilmoe2v@tinyurl.com,Male,128.240.222.171,2020-10-01 23:19:29
105,Martelle,Suffield,msuffield2w@arstechnica.com,Female,67.76.83.136,2019-03-30 23:25:01
106,Ben,Wofenden,bwofenden2x@ca.gov,Male,83.4.186.39,2020-01-05 20:38:12
107,Barnett,Seiller,bseiller2y@unc.edu,Male,224.56.89.226,2019-12-25 18:42:01
108,Rem,Spino,rspino2z@bandcamp.com,Male,181.233.60.245,2019-06-11 05:13:21
109,Fallon,Yeskov,fyeskov30@goodreads.com,Female,178.212.78.23,2020-07-28 19:03:10
110,Jephthah,Van der Kruis,jvanderkruis31@nsw.gov.au,Male,157.188.202.105,2019-09-02 17:17:10
111,Sanson,Moret,smoret32@unesco.org,Male,221.125.89.230,2020-10-01 00:47:58
112,Cathy,Grushin,cgrushin33@bigcartel.com,Female,16.163.33.45,2020-10-20 22:02:50
113,Humbert,Gauld,hgauld34@amazon.co.uk,Male,112.120.202.224,2019-07-03 06:58:31
114,Zelig,Randalson,zrandalson35@webnode.com,Male,137.103.3.116,2020-04-26 16:13:08
115,Chrissie,Coon,ccoon36@miitbeian.gov.cn,Female,104.123.46.138,2019-11-15 23:46:36
116,Wilhelmina,Gagen,wgagen37@123-reg.co.uk,Female,131.14.51.171,2019-05-14 12:14:53
117,Wernher,Matejka,wmatejka38@issuu.com,Male,226.203.90.89,2019-06-12 06:30:58
118,Genvieve,Hutchins,ghutchins39@craigslist.org,Female,219.79.57.223,2019-11-02 08:18:35
119,Delilah,Sheed,dsheed3a@mayoclinic.com,Female,102.66.232.114,2020-10-16 15:05:50
120,Derril,Hinzer,dhinzer3b@epa.gov,Male,144.156.217.91,2020-06-14 00:35:00
121,Raleigh,Mazzey,rmazzey3c@blogs.com,Male,92.30.130.193,2019-07-27 13:03:54
122,Sile,Dome,sdome3d@nifty.com,Female,22.91.131.77,2019-02-11 13:40:59
123,Sergent,Heinle,sheinle3e@washington.edu,Male,86.156.119.192,2019-02-12 11:31:39
124,Clemmy,Coumbe,ccoumbe3f@slideshare.net,Male,68.202.247.227,2019-10-27 17:50:07
125,Gualterio,Warlow,gwarlow3g@163.com,Male,117.219.166.13,2019-07-20 18:02:27
126,Chiarra,Kenefick,ckenefick3h@lycos.com,Female,17.100.126.220,2020-08-24 03:43:47
127,Marcella,Annell,mannell3i@ucoz.ru,Female,62.24.126.187,2019-12-06 09:54:13
128,Joan,Helks,jhelks3j@google.nl,Female,4.47.230.37,2020-09-19 10:34:49
129,Jefferson,Latty,jlatty3k@jigsy.com,Male,165.121.88.93,2020-06-24 02:37:58
130,Gail,Pitson,gpitson3l@wsj.com,Male,153.4.251.47,2019-08-25 06:44:39
131,Barbara-anne,McGurgan,bmcgurgan3m@wordpress.com,Female,95.173.17.63,2019-08-02 07:46:34
132,Michele,Sawney,msawney3n@theglobeandmail.com,Female,122.8.108.191,2019-11-06 08:39:42
133,Diego,Lamborn,dlamborn3o@imageshack.us,Male,158.12.107.59,2019-08-06 17:47:36
134,Sharline,Colton,scolton3p@goo.ne.jp,Female,116.27.176.54,2019-11-15 18:56:45
135,Richy,Lofthouse,rlofthouse3q@slideshare.net,Male,3.209.217.66,2020-05-30 17:28:11
136,Milicent,Houtbie,mhoutbie3r@vimeo.com,Female,100.22.194.71,2019-04-17 09:13:59
137,Inger,Kubin,ikubin3s@house.gov,Male,202.97.207.245,2020-07-03 06:46:51
138,Hewitt,Abbis,habbis3t@mayoclinic.com,Male,124.15.54.225,2020-01-21 17:59:25
139,Haskell,Pigrome,hpigrome3u@theglobeandmail.com,Male,209.85.147.223,2019-06-18 01:55:03
140,Averill,Boij,aboij3v@plala.or.jp,Male,210.80.189.217,2020-05-14 20:14:12
141,Ashely,Limrick,alimrick3w@istockphoto.com,Female,135.251.197.84,2020-02-14 17:05:04
142,Salem,Climar,sclimar3x@fc2.com,Male,215.55.10.198,2019-02-07 01:42:09
143,Cristina,De Cleyne,cdecleyne3y@redcross.org,Female,226.171.249.161,2020-09-16 20:12:05
144,Fulvia,Andrini,fandrini3z@biglobe.ne.jp,Female,2.224.95.138,2020-10-06 00:49:27
145,Warde,O'Cahill,wocahill40@barnesandnoble.com,Male,29.4.101.224,2019-04-29 23:26:55
146,Jeanine,Sockell,jsockell41@privacy.gov.au,Female,51.183.36.4,2020-02-04 07:09:22
147,Trever,Beacroft,tbeacroft42@mysql.com,Male,155.249.47.4,2019-12-14 06:31:55
148,Hillery,Burless,hburless43@tripadvisor.com,Male,187.99.1.127,2020-03-04 04:01:04
149,Porter,Calrow,pcalrow44@behance.net,Male,213.73.54.126,2019-02-25 23:55:08
150,Indira,Regis,iregis45@sakura.ne.jp,Female,221.189.146.126,2019-02-06 18:37:26
151,Olva,Langstaff,olangstaff46@github.com,Female,15.197.104.147,2019-12-23 08:28:46
152,Wilbur,Elby,welby47@blogger.com,Male,102.68.31.82,2019-05-09 13:44:13
153,Clevey,Paffitt,cpaffitt48@mac.com,Male,143.187.69.76,2019-10-16 16:04:49
154,Obediah,Puxley,opuxley49@cnbc.com,Male,115.227.251.95,2020-08-19 00:38:46
155,Kaela,Bergstrand,kbergstrand4a@scientificamerican.com,Female,91.213.183.212,2019-08-05 16:34:25
156,Leticia,Leare,lleare4b@over-blog.com,Female,1.198.156.38,2020-11-21 22:38:44
157,Kordula,Macauley,kmacauley4c@wordpress.com,Female,208.119.248.46,2019-06-20 00:42:59
158,Tami,Botwright,tbotwright4d@nyu.edu,Female,128.186.61.202,2020-06-17 23:32:28
159,Sandor,Dorrell,sdorrell4e@facebook.com,Male,71.17.57.89,2020-09-05 13:14:09
160,Drusilla,Antonutti,dantonutti4f@dmoz.org,Female,80.3.175.110,2019-10-16 07:11:07
161,Stephenie,Lynthal,slynthal4g@hao123.com,Female,85.92.57.205,2019-10-12 07:38:49
162,Tibold,Anniwell,tanniwell4h@flavors.me,Male,175.58.232.109,2019-08-14 22:25:03
163,Mitch,Scopham,mscopham4i@ovh.net,Male,212.241.250.36,2020-12-11 18:39:43
164,Cilka,Agar,cagar4j@jimdo.com,Female,117.68.214.8,2020-06-19 11:07:08
165,Eunice,Brewett,ebrewett4k@xing.com,Female,169.14.223.163,2020-12-02 06:31:22
166,Brit,Yanin,byanin4l@arizona.edu,Female,63.190.250.239,2020-07-17 15:26:07
167,Ingunna,Birdwhistell,ibirdwhistell4m@si.edu,Female,58.237.64.166,2019-07-15 07:40:39
168,Gilli,Bennitt,gbennitt4n@squidoo.com,Female,60.92.103.186,2019-12-18 15:22:12
169,Lois,Ivashkin,livashkin4o@shutterfly.com,Female,76.19.17.11,2019-12-15 02:09:17
170,Nissy,O'Shaughnessy,noshaughnessy4p@bloglines.com,Female,56.203.250.71,2020-03-08 09:53:51
171,Paxon,Wands,pwands4q@technorati.com,Male,178.136.15.194,2020-10-10 00:50:04
172,Ezechiel,Heavy,eheavy4r@jiathis.com,Male,13.35.170.157,2019-11-07 15:58:16
173,Desirae,Panchin,dpanchin4s@samsung.com,Female,111.153.2.107,2019-03-19 02:05:18
174,Dov,Emberton,demberton4t@phoca.cz,Male,247.230.160.82,2020-04-20 02:49:05
175,Hildagarde,Soule,hsoule4u@mapquest.com,Female,122.33.228.189,2019-09-13 02:16:13
176,Whitby,Trotter,wtrotter4v@livejournal.com,Male,181.143.101.235,2019-06-14 05:30:59
177,Alia,Tomney,atomney4w@prweb.com,Female,168.52.7.246,2019-02-25 03:32:13
178,Gerda,Abbate,gabbate4x@blogger.com,Female,51.23.101.220,2020-04-29 19:49:43
179,Phillis,Woodlands,pwoodlands4y@sogou.com,Female,190.135.108.141,2019-09-21 08:18:15
180,Bartholemy,Rickerby,brickerby4z@howstuffworks.com,Male,217.18.136.108,2019-12-06 20:02:11
181,Alphonse,Nickerson,anickerson50@usda.gov,Male,246.202.116.200,2019-05-05 16:34:47
182,Filbert,Stapleford,fstapleford51@acquirethisname.com,Male,227.131.189.53,2019-11-17 05:18:04
183,Edgar,Fairnington,efairnington52@craigslist.org,Male,237.148.31.215,2019-11-18 15:42:41
184,Iosep,Somerton,isomerton53@xing.com,Male,184.149.164.108,2020-12-07 08:28:40
185,Dynah,Clemanceau,dclemanceau54@example.com,Female,53.23.204.167,2020-05-06 22:18:05
186,Aura,Kramer,akramer55@eventbrite.com,Female,62.190.137.138,2019-05-03 05:20:57
187,Owen,Ramsbotham,oramsbotham56@hostgator.com,Male,56.30.51.249,2020-08-07 06:14:41
188,Mikey,Crosgrove,mcrosgrove57@ted.com,Male,10.37.168.224,2020-11-18 14:24:41
189,Phedra,Aluard,paluard58@weather.com,Female,142.55.213.245,2020-05-31 12:26:26
190,Fleming,Digby,fdigby59@zdnet.com,Male,80.18.104.135,2019-02-16 10:00:53
191,Vinnie,Fike,vfike5a@bravesites.com,Female,30.194.83.221,2020-07-16 15:04:47
192,Thornton,Isitt,tisitt5b@surveymonkey.com,Male,185.91.251.0,2019-03-02 10:36:52
193,Shalna,Vannacci,svannacci5c@hud.gov,Female,104.62.89.198,2020-03-28 01:49:28
194,Biddie,Jordin,bjordin5d@umn.edu,Female,200.38.29.100,2019-10-11 15:57:28
195,Wilone,Minmagh,wminmagh5e@sakura.ne.jp,Female,229.242.47.245,2020-09-27 14:03:28
196,Annice,Crum,acrum5f@bing.com,Female,13.125.195.255,2020-08-07 08:58:27
197,Archibaldo,Akehurst,aakehurst5g@bluehost.com,Male,76.237.41.166,2019-05-12 00:27:23
198,Brocky,Fonquernie,bfonquernie5h@example.com,Male,202.176.222.251,2020-08-20 22:14:58
199,Ceciley,Harryman,charryman5i@ucoz.ru,Female,119.235.35.205,2020-06-15 13:08:54
200,Ty,Mattam,tmattam5j@cnn.com,Male,198.188.59.243,2019-12-19 13:45:40
201,Chalmers,Napper,cnapper5k@time.com,Male,91.25.75.35,2019-12-24 18:37:50
202,Donni,Samsworth,dsamsworth5l@shinystat.com,Female,202.112.242.233,2020-06-04 05:02:07
203,Moise,Bissell,mbissell5m@ocn.ne.jp,Male,182.38.30.213,2019-11-29 05:31:02
204,Petr,Ciciotti,pciciotti5n@multiply.com,Male,179.46.125.96,2019-01-06 21:23:20
205,Jenine,Oneill,joneill5o@jalbum.net,Female,50.105.25.212,2019-01-03 05:39:13
206,Amandy,Ollivierre,aollivierre5p@tmall.com,Female,245.65.54.101,2019-08-09 13:12:08
207,Kimble,Conway,kconway5q@fotki.com,Male,82.252.237.213,2019-11-26 11:55:25
208,Giles,Bramsen,gbramsen5r@gnu.org,Male,138.174.214.132,2019-01-20 22:43:33
209,Dale,Stolze,dstolze5s@ameblo.jp,Female,95.233.47.229,2020-01-12 13:42:11
210,Dion,Sprowell,dsprowell5t@economist.com,Female,199.55.51.88,2020-12-18 08:47:20
211,Imelda,Blackmoor,iblackmoor5u@ft.com,Female,15.180.71.135,2020-03-07 03:17:46
212,Nial,Banbrook,nbanbrook5v@twitter.com,Male,220.223.74.95,2019-07-26 23:35:17
213,Betteann,Van Weedenburg,bvanweedenburg5w@wix.com,Female,192.154.178.0,2020-04-30 15:27:43
214,Biddy,Dudgeon,bdudgeon5x@pbs.org,Female,76.156.96.15,2020-06-06 22:06:18
215,Delmer,Langdale,dlangdale5y@vistaprint.com,Male,15.36.113.152,2020-11-12 15:39:34
216,Vaughn,Beckett,vbeckett5z@accuweather.com,Male,174.123.207.184,2019-04-24 12:11:02
217,Ephraim,Bransby,ebransby60@ezinearticles.com,Male,229.202.32.109,2019-07-29 11:15:20
218,Rosanna,Wolfenden,rwolfenden61@123-reg.co.uk,Female,43.64.2.250,2020-04-16 02:39:07
219,Donnie,Hounsom,dhounsom62@4shared.com,Male,254.204.104.202,2019-06-01 21:40:29
220,Vinny,Van der Veldt,vvanderveldt63@example.com,Female,172.28.170.244,2019-04-10 20:36:15
221,Stephana,Jarrell,sjarrell64@cafepress.com,Female,193.103.163.86,2020-12-18 19:23:22
222,Reg,Fulle,rfulle65@usa.gov,Male,108.12.58.38,2019-01-26 04:33:55
223,Lindi,Freckingham,lfreckingham66@fastcompany.com,Female,146.16.180.48,2019-08-20 19:46:26
224,Jobi,Swindin,jswindin67@geocities.jp,Female,32.122.66.207,2019-05-11 04:59:19
225,Witty,Kauble,wkauble68@1und1.de,Male,252.146.0.172,2020-01-02 04:03:50
226,Mina,Ranger,mranger69@sciencedaily.com,Female,92.136.133.109,2019-12-06 17:23:03
227,Othilie,Philipot,ophilipot6a@nature.com,Female,190.217.0.78,2020-02-12 13:29:46
228,Mile,Blaney,mblaney6b@t.co,Male,84.186.73.97,2019-07-10 22:42:41
229,Danila,Bester,dbester6c@state.gov,Female,92.202.227.239,2019-02-21 23:13:08
230,Ginnie,Chauvey,gchauvey6d@hhs.gov,Female,121.145.155.150,2019-01-09 09:20:36
231,Orsola,Stride,ostride6e@google.com.au,Female,198.173.230.193,2019-09-03 14:52:27
232,Mable,Toyer,mtoyer6f@ycombinator.com,Female,181.60.147.167,2020-03-25 21:57:49
233,Clevey,Barnewille,cbarnewille6g@sciencedirect.com,Male,22.220.179.27,2020-05-08 10:48:23
234,Rubia,Schultheiss,rschultheiss6h@wikipedia.org,Female,98.207.230.81,2019-11-06 17:36:50
235,Jocko,Tigwell,jtigwell6i@redcross.org,Male,10.146.116.7,2020-03-24 06:17:54
236,Aimil,Marcone,amarcone6j@liveinternet.ru,Female,235.41.31.64,2020-01-17 20:53:09
237,Iorgo,Drummond,idrummond6k@eepurl.com,Male,18.240.242.214,2020-10-18 20:35:51
238,Isidro,McElvine,imcelvine6l@joomla.org,Male,29.89.133.194,2020-06-22 11:36:34
239,Burty,Boatman,bboatman6m@amazon.de,Male,10.222.52.184,2019-06-15 15:39:09
240,Annabal,Bufton,abufton6n@flickr.com,Female,11.108.118.207,2020-06-17 07:26:57
241,Kris,Selvester,kselvester6o@chicagotribune.com,Male,121.205.83.194,2019-08-14 23:29:51
242,Daisey,Joincey,djoincey6p@washington.edu,Female,122.86.22.166,2019-05-17 19:01:20
243,Kit,Thorlby,kthorlby6q@issuu.com,Female,99.234.16.3,2020-04-20 09:31:57
244,Anselm,Dearlove,adearlove6r@dailymotion.com,Male,229.201.197.73,2020-02-29 18:44:37
245,Cayla,Gerg,cgerg6s@biglobe.ne.jp,Female,156.84.21.127,2019-11-07 20:25:33
246,Roberta,Bondesen,rbondesen6t@baidu.com,Female,30.84.5.156,2020-05-12 04:12:36
247,Malachi,Beasleigh,mbeasleigh6u@wired.com,Male,137.86.78.125,2019-04-27 18:17:33
248,Alix,Connerly,aconnerly6v@microsoft.com,Male,214.155.66.163,2019-06-27 13:32:42
249,Marcus,Warrack,mwarrack6w@ted.com,Male,83.227.7.171,2020-12-14 00:09:20
250,Hurleigh,Du Hamel,hduhamel6x@prlog.org,Male,14.88.109.198,2019-08-03 23:44:49
251,Burgess,Goodyear,bgoodyear6y@soundcloud.com,Male,16.25.192.227,2020-07-21 08:39:00
252,Holt,Jatczak,hjatczak6z@weibo.com,Male,6.207.179.168,2020-07-24 00:16:17
253,Frederica,Donoher,fdonoher70@nps.gov,Female,229.31.11.190,2020-05-08 04:48:00
254,Walton,Abercromby,wabercromby71@opera.com,Male,177.224.78.179,2019-08-03 20:14:16
255,Staci,Pimley,spimley72@buzzfeed.com,Female,127.28.124.194,2020-08-29 12:30:20
256,Lay,Liddle,lliddle73@bigcartel.com,Male,180.163.74.52,2019-02-20 16:09:19
257,Calhoun,Mumbray,cmumbray74@seesaa.net,Male,230.218.4.93,2020-01-14 11:08:13
258,Arley,Coleborn,acoleborn75@purevolume.com,Male,120.93.207.16,2019-06-30 04:49:07
259,Abbe,Tosdevin,atosdevin76@tiny.cc,Female,111.82.10.130,2020-06-11 08:18:22
260,Christoforo,Korda,ckorda77@ed.gov,Male,180.25.83.184,2020-08-12 19:46:49
261,Ashlan,Doxey,adoxey78@arizona.edu,Female,79.250.104.56,2020-09-28 06:56:22
262,Mari,Stallworthy,mstallworthy79@cbsnews.com,Female,245.240.220.14,2019-07-02 08:10:17
263,Robbin,Haymes,rhaymes7a@ifeng.com,Female,134.35.32.171,2019-03-15 08:47:21
264,Lesley,Younge,lyounge7b@qq.com,Male,225.179.255.91,2019-08-15 23:52:46
265,Shaine,Maggi,smaggi7c@icq.com,Male,128.159.181.87,2020-02-02 05:32:33
266,Dalton,Maycock,dmaycock7d@rakuten.co.jp,Male,105.162.164.170,2020-06-04 10:14:02
267,Brendis,Cringle,bcringle7e@quantcast.com,Male,98.115.132.94,2019-04-07 00:59:45
268,Rodge,Coulson,rcoulson7f@naver.com,Male,106.87.253.236,2019-06-09 04:06:05
269,Elizabet,Wivell,ewivell7g@google.nl,Female,26.1.248.144,2020-12-04 06:48:14
270,Courtnay,Chatin,cchatin7h@buzzfeed.com,Male,36.105.5.146,2019-09-21 19:05:45
271,Veronika,Peplaw,vpeplaw7i@wufoo.com,Female,236.59.29.151,2020-06-14 21:20:04
272,Jewell,Degoix,jdegoix7j@ebay.co.uk,Female,182.92.236.114,2020-06-02 03:43:42
273,Sinclare,Pechold,spechold7k@flavors.me,Male,254.252.168.243,2020-10-10 19:47:59
274,Mose,Hailston,mhailston7l@gmpg.org,Male,172.5.219.60,2020-11-30 11:04:00
275,Kim,Colter,kcolter7m@devhub.com,Male,200.246.73.74,2020-08-08 06:29:31
276,Vasilis,Straffon,vstraffon7n@addtoany.com,Male,165.131.86.139,2019-10-14 19:59:14
277,Brien,Peye,bpeye7o@gizmodo.com,Male,176.132.204.92,2019-05-29 00:01:59
278,Damian,Ollerhead,dollerhead7p@parallels.com,Male,133.232.35.156,2020-12-18 18:03:20
279,Amie,Yurocjhin,ayurocjhin7q@theglobeandmail.com,Female,104.58.166.158,2019-01-10 20:13:12
280,Gerri,Richardot,grichardot7r@sakura.ne.jp,Male,30.19.65.254,2019-04-09 09:59:57
281,Liva,Raden,lraden7s@google.ru,Female,224.85.163.200,2019-04-28 12:40:08
282,Shalna,Sharpley,ssharpley7t@digg.com,Female,82.173.101.201,2020-03-06 20:50:29
283,Cissiee,Bibby,cbibby7u@phoca.cz,Female,139.120.163.112,2020-11-23 03:09:45
284,Maude,O'Fallone,mofallone7v@deviantart.com,Female,37.206.45.251,2019-03-09 23:12:08
285,Annis,Albon,aalbon7w@e-recht24.de,Female,14.67.223.130,2020-02-25 02:50:30
286,Marina,Gwilliam,mgwilliam7x@plala.or.jp,Female,178.135.212.64,2019-02-17 22:00:02
287,Kimmie,Topes,ktopes7y@soundcloud.com,Female,126.46.163.13,2019-12-22 20:19:05
288,Berkeley,Hannan,bhannan7z@discovery.com,Male,149.143.17.166,2020-11-04 19:32:03
289,Rawley,Brosius,rbrosius80@hp.com,Male,207.230.203.129,2020-02-28 08:11:52
290,Nelson,Milnthorpe,nmilnthorpe81@themeforest.net,Male,114.35.5.237,2019-05-05 21:11:51
291,Jeannie,Bowle,jbowle82@simplemachines.org,Female,102.209.23.211,2020-10-05 00:40:30
292,Batholomew,Noot,bnoot83@prlog.org,Male,81.156.157.56,2020-06-25 01:38:26
293,Hammad,Semiraz,hsemiraz84@feedburner.com,Male,161.180.228.242,2019-06-13 21:00:25
294,Richmound,Rickeard,rrickeard85@multiply.com,Male,85.57.0.219,2019-11-23 01:03:01
295,Christy,Rawstron,crawstron86@a8.net,Male,99.49.26.154,2020-05-07 06:06:53
296,Jacob,Unworth,junworth87@weather.com,Male,66.77.78.204,2019-05-11 08:10:26
297,Lorne,Stear,lstear88@photobucket.com,Male,47.202.74.19,2020-07-14 12:40:18
298,Lydon,Hefford,lhefford89@sohu.com,Male,66.98.169.39,2020-06-13 20:57:40
299,Eddie,Maunder,emaunder8a@buzzfeed.com,Male,95.244.67.233,2020-01-18 18:42:24
300,Octavius,Dicte,odicte8b@thetimes.co.uk,Male,108.51.31.153,2020-05-29 06:09:38
301,Randee,Biggin,rbiggin8c@mysql.com,Female,150.28.48.247,2019-07-13 15:45:06
302,Carena,Bortolutti,cbortolutti8d@uiuc.edu,Female,68.103.93.229,2019-12-15 02:37:18
303,Corena,Pickhaver,cpickhaver8e@addtoany.com,Female,160.104.134.220,2019-11-03 05:50:12
304,Tove,Farnfield,tfarnfield8f@hhs.gov,Female,15.17.179.192,2020-09-25 13:39:20
305,Tye,De Lisle,tdelisle8g@liveinternet.ru,Male,163.193.76.187,2020-08-12 03:43:38
306,Chastity,Saward,csaward8h@biblegateway.com,Female,71.185.139.143,2020-08-08 19:27:04
307,Lincoln,Gisburne,lgisburne8i@nydailynews.com,Male,35.86.249.55,2020-08-12 14:30:44
308,Caitlin,Rossbrooke,crossbrooke8j@who.int,Female,100.206.200.68,2020-12-06 04:21:05
309,Doralynn,MacNaughton,dmacnaughton8k@telegraph.co.uk,Female,106.97.151.154,2019-06-08 00:03:42
310,Rustin,Pitson,rpitson8l@taobao.com,Male,147.223.213.6,2020-04-14 14:28:13
311,Marleah,Gibbard,mgibbard8m@blog.com,Female,234.118.198.57,2020-06-28 15:48:11
312,Ambros,Kohnen,akohnen8n@multiply.com,Male,151.65.222.187,2020-01-23 23:24:55
313,Richardo,Gorring,rgorring8o@nhs.uk,Male,160.201.97.243,2020-06-07 15:04:18
314,Gael,Poynter,gpoynter8p@wikipedia.org,Male,207.168.125.195,2019-10-09 12:12:49
315,Darrelle,Ewings,dewings8q@google.com.hk,Female,233.136.224.229,2019-05-25 10:36:21
316,Goldarina,Beckford,gbeckford8r@deliciousdays.com,Female,73.46.227.38,2019-11-23 05:39:27
317,Madel,Shorto,mshorto8s@ustream.tv,Female,204.111.106.194,2020-05-18 20:03:44
318,Rickie,Amar,ramar8t@theatlantic.com,Female,243.60.214.242,2020-03-09 16:33:31
319,Adlai,Delouch,adelouch8u@biblegateway.com,Male,132.244.168.139,2019-03-15 11:23:43
320,Opaline,Aubri,oaubri8v@flavors.me,Female,194.75.70.190,2020-11-08 20:14:39
321,Lisa,Gave,lgave8w@delicious.com,Female,3.40.30.203,2020-09-05 20:59:58
322,Ray,Cosbey,rcosbey8x@github.io,Female,217.4.236.160,2019-08-07 10:35:34
323,Millard,Machin,mmachin8y@goo.ne.jp,Male,170.149.205.4,2019-02-03 01:58:19
324,Maxwell,Dickins,mdickins8z@behance.net,Male,155.191.250.151,2020-10-25 09:00:59
325,Merla,Ginie,mginie90@washingtonpost.com,Female,54.36.235.193,2019-08-15 06:50:38
326,Farly,Rickson,frickson91@vk.com,Male,95.61.123.170,2020-11-01 11:26:42
327,Eldon,Ragsdale,eragsdale92@cdbaby.com,Male,40.5.245.15,2020-08-31 03:20:22
328,Ian,Tunsley,itunsley93@usda.gov,Male,172.137.202.7,2019-11-30 12:49:08
329,Kelsey,Tomsen,ktomsen94@pbs.org,Male,134.235.44.188,2019-08-09 02:40:07
330,Marta,Conkling,mconkling95@archive.org,Female,180.162.120.228,2020-04-26 07:45:57
331,Shermy,Frankcombe,sfrankcombe96@go.com,Male,104.104.60.182,2020-10-22 07:55:20
332,Toiboid,Dod,tdod97@mashable.com,Male,154.82.246.41,2020-10-10 18:49:08
333,Nahum,Ruddock,nruddock98@angelfire.com,Male,223.29.16.120,2020-04-10 21:40:04
334,Theo,Fogt,tfogt99@about.com,Male,236.90.65.4,2019-08-29 11:48:48
335,Brendon,Rumble,brumble9a@reference.com,Male,73.95.146.61,2019-10-09 20:32:34
336,Urban,Vlasyev,uvlasyev9b@uol.com.br,Male,52.116.23.144,2020-11-25 07:04:16
337,Olympie,Nuemann,onuemann9c@telegraph.co.uk,Female,236.157.67.104,2019-07-25 03:47:56
338,Caren,Walsh,cwalsh9d@miibeian.gov.cn,Female,125.149.205.208,2019-07-07 14:54:42
339,Kaleb,Kenton,kkenton9e@vinaora.com,Male,201.97.57.146,2019-08-31 00:33:35
340,Josy,Bryer,jbryer9f@ifeng.com,Female,4.151.41.132,2019-09-05 07:01:18
341,Latashia,Nabbs,lnabbs9g@google.co.jp,Female,70.27.14.31,2020-08-08 12:32:05
342,Biron,Eltringham,beltringham9h@deviantart.com,Male,135.33.195.76,2020-08-22 21:13:19
343,Nissy,Arias,narias9i@facebook.com,Female,92.204.247.42,2020-01-26 01:17:08
344,Christoffer,Dust,cdust9j@clickbank.net,Male,9.170.6.94,2020-08-10 06:34:57
345,Michaela,Powrie,mpowrie9k@yahoo.com,Female,161.165.126.5,2020-07-23 21:08:02
346,Margaux,Rozet,mrozet9l@soup.io,Female,94.2.91.253,2019-07-06 16:29:30
347,Kial,D'Ambrogio,kdambrogio9m@163.com,Female,146.184.187.218,2019-02-22 18:45:06
348,Chrisy,Lukas,clukas9n@posterous.com,Male,77.231.82.204,2020-09-10 06:53:18
349,Catlee,Langstrath,clangstrath9o@sfgate.com,Female,132.222.207.247,2019-01-10 02:35:21
350,Augustine,Denholm,adenholm9p@google.ca,Male,28.227.58.148,2019-04-29 00:26:45
351,Meridel,Brightling,mbrightling9q@soup.io,Female,241.156.168.18,2020-12-27 05:57:42
352,Tyrone,Kellet,tkellet9r@paypal.com,Male,75.231.60.239,2019-08-14 22:22:34
353,Tami,Hawley,thawley9s@geocities.jp,Female,85.88.181.45,2020-02-03 13:09:10
354,Levi,Blackburne,lblackburne9t@joomla.org,Male,169.59.162.156,2020-01-27 14:15:54
355,Else,Acres,eacres9u@irs.gov,Female,56.151.215.56,2020-08-04 12:59:29
356,Diandra,Fearon,dfearon9v@histats.com,Female,203.137.203.208,2019-06-12 07:17:41
357,Talbot,Lemmers,tlemmers9w@dagondesign.com,Male,103.33.58.183,2019-07-15 14:49:31
358,Clayton,Jeandillou,cjeandillou9x@feedburner.com,Male,138.127.131.5,2019-02-16 15:25:07
359,Lelia,Robertsen,lrobertsen9y@home.pl,Female,194.189.60.251,2020-09-10 21:59:39
360,Norbie,Row,nrow9z@jigsy.com,Male,217.207.218.3,2020-08-31 23:12:47
361,Marlane,Decayette,mdecayettea0@example.com,Female,128.105.94.250,2020-02-08 11:08:41
362,Josias,Kalderon,jkalderona1@hibu.com,Male,89.97.140.80,2019-04-30 23:40:07
363,Vonni,Shepherdson,vshepherdsona2@squarespace.com,Female,161.142.200.169,2020-01-09 19:41:46
364,Luciana,Matthessen,lmatthessena3@bbb.org,Female,158.4.238.8,2019-07-24 18:17:43
365,Peg,Whellans,pwhellansa4@wikispaces.com,Female,172.219.134.240,2020-02-19 12:00:52
366,Ansley,Marriner,amarrinera5@stumbleupon.com,Female,80.114.23.194,2020-10-20 18:15:54
367,Felipa,Cradduck,fcradducka6@hp.com,Female,87.248.97.81,2019-11-12 11:41:13
368,Wayland,MacCaughan,wmaccaughana7@jiathis.com,Male,10.122.58.121,2019-11-21 14:09:11
369,Gustav,Nortcliffe,gnortcliffea8@hp.com,Male,83.75.190.125,2020-12-12 17:11:32
370,Val,Krimmer,vkrimmera9@senate.gov,Male,83.83.8.7,2019-04-01 04:27:47
371,Frazier,Alvarado,falvaradoaa@cafepress.com,Male,42.180.14.195,2019-11-23 07:54:39
372,Karyn,Backwell,kbackwellab@xing.com,Female,104.135.217.47,2020-10-11 02:13:25
373,Antonin,Mullally,amullallyac@blinklist.com,Male,172.187.114.23,2019-02-09 18:06:37
374,Elisabeth,McCurlye,emccurlyead@yahoo.com,Female,168.121.199.102,2019-07-14 09:18:15
375,Alisun,Kachel,akachelae@wunderground.com,Female,22.58.93.192,2019-08-11 12:36:53
376,Eb,Dexter,edexteraf@usnews.com,Male,152.112.164.172,2019-12-16 19:34:11
377,Niall,Frankiewicz,nfrankiewiczag@mozilla.org,Male,109.217.5.193,2020-08-18 02:21:01
378,Hillel,Petrasch,hpetraschah@boston.com,Male,183.31.108.163,2020-07-13 01:21:51
379,Granger,Peteri,gpeteriai@china.com.cn,Male,171.178.134.25,2020-01-26 08:53:30
380,Juliane,Lauderdale,jlauderdaleaj@time.com,Female,199.48.72.206,2019-10-28 06:56:59
381,Amabelle,Lowis,alowisak@about.me,Female,180.255.20.242,2019-07-01 08:30:40
382,Edwin,Dyneley,edyneleyal@google.co.uk,Male,95.56.59.225,2019-09-08 09:50:38
383,Stefano,Wheal,swhealam@elpais.com,Male,227.120.78.116,2019-06-06 01:33:23
384,Frazier,Pendre,fpendrean@toplist.cz,Male,207.211.233.141,2020-06-01 07:46:29
385,Benjamen,Sellstrom,bsellstromao@discovery.com,Male,116.212.233.210,2020-03-06 10:25:56
386,Yardley,Gallone,ygalloneap@unblog.fr,Male,107.24.11.81,2019-02-23 18:13:21
387,Dyana,Whiten,dwhitenaq@dailymail.co.uk,Female,251.102.73.173,2020-01-09 05:02:30
388,Hetty,Gore,hgorear@blogtalkradio.com,Female,160.193.32.60,2019-11-04 23:14:07
389,Gordie,Benini,gbeninias@blogspot.com,Male,29.118.140.47,2020-07-21 03:02:25
390,Skipper,Dybald,sdybaldat@newyorker.com,Male,61.187.251.106,2020-07-04 00:12:49
391,Sabine,Ranyard,sranyardau@businesswire.com,Female,244.28.222.48,2021-01-03 07:33:05
392,Orton,Triggle,otriggleav@google.cn,Male,120.208.203.190,2020-03-21 16:13:14
393,Melvin,Baiss,mbaissaw@marriott.com,Male,94.40.67.209,2019-01-31 12:13:56
394,Pate,Audley,paudleyax@opensource.org,Male,76.255.0.161,2020-03-24 11:48:07
395,Mikel,Skeel,mskeelay@nba.com,Male,185.32.151.39,2019-07-13 21:48:43
396,Bertine,Lenihan,blenihanaz@tripod.com,Female,190.225.78.229,2020-12-01 02:03:38
397,Emmy,Standley,estandleyb0@umich.edu,Female,38.65.172.192,2020-03-10 10:09:12
398,Rudolfo,Reddell,rreddellb1@nba.com,Male,255.183.98.120,2019-11-19 10:53:29
399,Reinhold,Sex,rsexb2@auda.org.au,Male,237.154.84.250,2020-01-06 13:30:32
400,Klement,Gabites,kgabitesb3@illinois.edu,Male,61.33.188.74,2019-09-14 12:30:44
401,Cornela,Scouse,cscouseb4@google.de,Female,58.27.63.106,2020-12-28 02:39:25
402,Darsey,Anear,danearb5@a8.net,Female,136.96.153.15,2019-02-25 17:15:28
403,Peter,Hulbert,phulbertb6@opera.com,Male,141.225.236.228,2019-04-03 17:43:00
404,Ralina,Rimington,rrimingtonb7@gravatar.com,Female,243.1.36.101,2019-03-07 14:58:27
405,L;urette,Barnett,lbarnettb8@myspace.com,Female,12.55.177.72,2020-02-01 21:39:35
406,Binnie,Bedingfield,bbedingfieldb9@webeden.co.uk,Female,233.50.164.80,2020-12-29 06:53:56
407,Flint,Impett,fimpettba@shutterfly.com,Male,132.197.173.166,2020-05-05 08:36:48
408,Myca,Marskell,mmarskellbb@csmonitor.com,Male,159.167.197.197,2020-09-17 10:32:50
409,Brocky,Tame,btamebc@ucsd.edu,Male,21.70.192.94,2021-01-01 01:32:08
410,Mahmud,Lumby,mlumbybd@berkeley.edu,Male,89.111.100.217,2019-04-19 01:02:51
411,Herold,Clinnick,hclinnickbe@posterous.com,Male,12.76.160.223,2019-03-08 19:38:10
412,Amberly,Easdon,aeasdonbf@weibo.com,Female,30.12.84.60,2019-12-08 03:29:45
413,Cassi,Dissman,cdissmanbg@cdc.gov,Female,223.155.189.49,2020-10-10 08:12:36
414,Evelyn,Ghirigori,eghirigoribh@virginia.edu,Female,200.192.147.81,2019-04-26 08:01:01
415,Krystyna,Dabs,kdabsbi@mashable.com,Female,218.93.60.131,2020-05-15 22:28:40
416,Ody,Tolworth,otolworthbj@prweb.com,Male,221.241.101.255,2020-08-15 15:50:38
417,Alfy,Cottis,acottisbk@google.co.jp,Male,214.79.212.21,2019-10-27 10:34:42
418,Nigel,Stringfellow,nstringfellowbl@squidoo.com,Male,43.248.214.242,2020-01-19 17:23:24
419,Sheila,Roby,srobybm@nymag.com,Female,7.191.113.37,2019-08-13 19:00:12
420,Jonas,Calderbank,jcalderbankbn@sohu.com,Male,246.167.253.174,2019-05-05 04:30:37
421,Batsheva,Nottingham,bnottinghambo@cam.ac.uk,Female,221.233.111.105,2020-01-20 04:53:48
422,Monah,Neilson,mneilsonbp@yelp.com,Female,137.163.181.152,2020-01-03 06:59:34
423,Phebe,Durham,pdurhambq@home.pl,Female,72.49.252.96,2019-09-30 00:57:10
424,Row,Poor,rpoorbr@si.edu,Female,92.21.145.167,2019-06-27 09:41:31
425,Giralda,Bernetti,gbernettibs@uol.com.br,Female,199.11.7.126,2020-10-15 18:10:48
426,Cesaro,Carnson,ccarnsonbt@edublogs.org,Male,130.160.132.114,2020-06-24 17:45:12
427,Cairistiona,Niland,cnilandbu@goo.ne.jp,Female,125.167.95.174,2019-02-05 20:09:53
428,Addia,Migheli,amighelibv@ovh.net,Female,213.251.244.191,2020-05-06 11:54:40
429,Rebeka,Clutterbuck,rclutterbuckbw@samsung.com,Female,80.75.143.60,2020-11-10 13:44:30
430,Merline,Troy,mtroybx@weebly.com,Female,154.90.16.126,2020-05-30 08:22:38
431,Gayler,Bretherick,gbretherickby@wix.com,Male,172.97.152.2,2019-03-02 20:47:14
432,Jennica,Schukraft,jschukraftbz@usnews.com,Female,235.188.93.156,2020-10-12 13:46:06
433,Lars,Mauser,lmauserc0@t.co,Male,232.211.148.76,2019-11-02 06:11:41
434,Tracey,Essery,tesseryc1@wix.com,Male,152.124.141.100,2019-06-10 19:15:10
435,Durward,Spillane,dspillanec2@si.edu,Male,203.159.113.189,2019-05-16 12:38:05
436,Jehu,Lambeth,jlambethc3@wikimedia.org,Male,8.207.11.24,2020-10-24 05:06:34
437,Noach,Vautier,nvautierc4@squarespace.com,Male,29.241.80.41,2020-10-27 19:02:09
438,Carissa,Edgeson,cedgesonc5@reuters.com,Female,53.107.131.70,2019-08-23 12:47:34
439,Patten,Lorroway,plorrowayc6@infoseek.co.jp,Male,123.185.183.213,2019-08-27 21:47:56
440,Dode,Glave,dglavec7@liveinternet.ru,Female,181.61.202.229,2019-08-25 07:59:22
441,Valencia,Durban,vdurbanc8@discovery.com,Female,162.237.134.162,2019-10-23 17:54:49
442,Gustavus,Van der Son,gvandersonc9@github.com,Male,207.23.147.119,2019-07-13 06:04:48
443,Jennilee,Urch,jurchca@addtoany.com,Female,23.250.174.238,2019-09-05 21:54:00
444,Welsh,Gierek,wgierekcb@businesswire.com,Male,151.189.237.45,2019-04-19 21:59:07
445,Birch,Lodemann,blodemanncc@scribd.com,Male,168.195.69.178,2020-02-13 15:49:16
446,Juli,Kinton,jkintoncd@skyrock.com,Female,71.24.96.62,2020-05-27 15:58:41
447,Elroy,Hanham,ehanhamce@trellian.com,Male,59.196.206.19,2020-08-11 21:05:58
448,Lonna,Little,llittlecf@sakura.ne.jp,Female,19.60.187.72,2020-03-01 22:13:45
449,Carlin,Spiring,cspiringcg@ebay.co.uk,Female,123.252.188.59,2020-11-07 11:09:35
450,Dore,Mossom,dmossomch@cbsnews.com,Male,26.105.131.215,2019-05-22 10:32:44
451,Marten,Muckart,mmuckartci@ftc.gov,Male,25.148.7.154,2019-05-05 16:12:12
452,Dalila,Martyns,dmartynscj@google.es,Female,130.80.177.116,2019-08-09 00:40:23
453,Milt,Postians,mpostiansck@slate.com,Male,153.88.215.214,2019-10-05 06:57:18
454,Anstice,Savery,asaverycl@tuttocitta.it,Female,233.122.68.139,2019-07-01 13:13:13
455,Jameson,Goodram,jgoodramcm@yahoo.com,Male,108.97.221.34,2019-03-26 17:18:50
456,Georgeanne,Ashbe,gashbecn@goodreads.com,Female,78.113.143.127,2020-03-01 15:16:15
457,Romola,Hendren,rhendrenco@boston.com,Female,50.235.180.126,2019-06-20 05:33:10
458,Judas,Bredbury,jbredburycp@wordpress.org,Male,49.43.154.234,2019-05-17 19:57:20
459,Avril,Jorger,ajorgercq@exblog.jp,Female,247.180.52.132,2019-12-03 20:30:36
460,Paula,Gravenor,pgravenorcr@facebook.com,Female,166.168.1.98,2019-05-25 11:12:19
461,Susana,Insley,sinsleycs@devhub.com,Female,202.33.191.204,2019-06-16 10:43:11
462,Laina,Tingle,ltinglect@loc.gov,Female,24.45.229.43,2020-05-26 18:19:49
463,Patrick,Dyter,pdytercu@answers.com,Male,77.254.236.243,2020-12-06 00:47:07
464,Iolanthe,Ramsden,iramsdencv@bloomberg.com,Female,70.225.37.202,2019-03-31 02:55:36
465,Harrietta,Reis,hreiscw@elpais.com,Female,60.216.201.102,2020-03-14 09:30:42
466,Margeaux,Fransson,mfranssoncx@comcast.net,Female,75.247.29.231,2019-04-12 20:02:49
467,Kailey,Brinkley,kbrinkleycy@latimes.com,Female,232.108.216.42,2020-07-04 17:15:45
468,Justen,Loch,jlochcz@washingtonpost.com,Male,53.219.39.19,2020-07-06 12:41:25
469,Ase,Quadling,aquadlingd0@sun.com,Male,49.95.129.36,2019-08-03 10:55:05
470,Lindsy,Goade,lgoaded1@amazon.co.uk,Female,123.200.13.140,2020-05-04 10:11:29
471,Benito,Aitken,baitkend2@pbs.org,Male,141.9.55.204,2020-10-26 01:58:05
472,Gabbey,Spleving,gsplevingd3@si.edu,Female,205.189.86.139,2019-06-20 23:14:13
473,Ernestus,Records,erecordsd4@cbslocal.com,Male,241.66.247.153,2019-01-04 15:28:09
474,Dion,McTurley,dmcturleyd5@netvibes.com,Male,240.241.157.204,2020-11-29 00:32:11
475,Sigismund,Chatin,schatind6@reuters.com,Male,74.36.220.36,2020-10-06 02:24:14
476,Hastie,Capun,hcapund7@statcounter.com,Male,73.159.194.177,2019-11-06 04:15:09
477,Clemence,Kippen,ckippend8@fema.gov,Female,168.178.173.172,2019-10-29 20:06:56
478,Tildy,Maw,tmawd9@furl.net,Female,228.161.17.233,2019-03-22 03:17:59
479,Dorelia,Gennrich,dgennrichda@psu.edu,Female,135.68.101.179,2020-07-04 12:10:48
480,Jethro,Culpen,jculpendb@pagesperso-orange.fr,Male,17.129.9.242,2021-01-03 03:13:37
481,Weston,Tudhope,wtudhopedc@shutterfly.com,Male,163.233.126.80,2019-11-19 08:05:01
482,Hamlen,Ivakin,hivakindd@friendfeed.com,Male,139.56.217.112,2019-11-17 08:56:17
483,Saba,Chamberlain,schamberlainde@wufoo.com,Female,67.71.147.29,2019-01-17 03:06:29
484,Jermayne,Fowley,jfowleydf@webmd.com,Male,197.85.233.168,2019-06-14 11:33:18
485,Zachery,Guiet,zguietdg@wufoo.com,Male,166.128.100.84,2020-06-27 22:27:17
486,Karilynn,Quirk,kquirkdh@buzzfeed.com,Female,60.40.144.228,2020-07-07 00:05:14
487,Judye,Jone,jjonedi@squidoo.com,Female,97.67.171.84,2020-10-05 04:13:33
488,Verge,Cufley,vcufleydj@engadget.com,Male,206.108.201.36,2019-02-06 12:52:21
489,Dunn,Lovel,dloveldk@mapquest.com,Male,34.71.43.249,2020-12-02 04:45:54
490,Fletcher,Salla,fsalladl@yandex.ru,Male,3.156.136.102,2019-11-18 20:11:02
491,Noell,Olczyk,nolczykdm@about.com,Female,79.11.142.18,2020-01-31 20:43:00
492,Emili,Aasaf,eaasafdn@salon.com,Female,146.251.17.169,2019-02-24 19:25:28
493,Preston,Gribben,pgribbendo@addtoany.com,Male,79.83.238.130,2020-02-28 15:54:07
494,Berkie,Mulrooney,bmulrooneydp@ihg.com,Male,159.242.77.97,2019-04-27 13:59:36
495,Ursuline,Eberle,ueberledq@mail.ru,Female,72.219.238.26,2020-01-09 04:38:35
496,Erich,Pock,epockdr@un.org,Male,201.226.14.198,2019-12-05 11:18:30
497,Dudley,Stoffels,dstoffelsds@fc2.com,Male,77.5.42.64,2020-01-16 00:45:49
498,Florinda,Tarplee,ftarpleedt@apache.org,Female,145.12.71.12,2020-09-03 17:10:01
499,Donny,Cottie,dcottiedu@photobucket.com,Female,191.131.148.207,2020-12-12 00:42:13
500,Charles,Hebblewhite,chebblewhitedv@fda.gov,Male,140.153.254.253,2020-06-10 18:35:52
501,Ralf,Kunkel,rkunkeldw@a8.net,Male,185.11.241.107,2019-11-13 02:25:05
502,Dulcy,MacSweeney,dmacsweeneydx@yandex.ru,Female,1.127.109.228,2020-09-05 17:15:10
503,Victoria,Mendel,vmendeldy@spiegel.de,Female,182.82.74.2,2020-09-26 23:25:25
504,Chrissie,Wallenger,cwallengerdz@wordpress.com,Male,180.17.186.194,2020-12-23 22:03:06
505,Cassondra,Boseley,cboseleye0@domainmarket.com,Female,22.42.172.2,2020-11-17 15:23:49
506,Mehetabel,Fansy,mfansye1@wired.com,Female,252.124.84.119,2020-03-30 22:22:14
507,Abbie,Miles,amilese2@storify.com,Female,134.188.176.216,2019-05-06 20:04:19
508,Aloin,Fronczak,afronczake3@shop-pro.jp,Male,144.126.8.134,2019-12-25 14:34:46
509,Orson,Beeby,obeebye4@indiatimes.com,Male,163.24.107.28,2019-05-19 21:42:38
510,Nicol,Haslegrave,nhaslegravee5@amazon.co.uk,Female,135.196.20.134,2020-11-13 02:58:00
511,Anjela,Mallaby,amallabye6@nps.gov,Female,166.229.104.114,2020-07-18 06:00:00
512,Marketa,Frood,mfroode7@ftc.gov,Female,93.206.249.88,2019-11-26 22:17:27
513,Meryl,Assad,massade8@joomla.org,Male,34.115.138.26,2020-03-01 06:43:58
514,Vince,Kimpton,vkimptone9@mtv.com,Male,103.182.246.99,2019-11-21 18:00:28
515,Hazel,Braybrooke,hbraybrookeea@soundcloud.com,Male,246.221.38.117,2019-10-30 05:08:09
516,Rey,Cochran,rcochraneb@dell.com,Female,43.55.206.131,2020-03-13 23:46:26
517,Palm,Liptrot,pliptrotec@prnewswire.com,Male,229.124.167.133,2019-02-08 21:37:24
518,Anna-diana,Chinnery,achinneryed@xing.com,Female,245.15.89.175,2019-10-15 18:24:33
519,Domini,Gerring,dgerringee@skyrock.com,Female,85.210.78.118,2019-03-31 17:58:37
520,Darrell,Lenoir,dlenoiref@youtube.com,Male,96.178.247.45,2019-11-03 11:36:06
521,Herrick,Callen,hcalleneg@trellian.com,Male,203.93.18.226,2020-05-08 17:37:50
522,Tersina,Ferron,tferroneh@army.mil,Female,12.180.117.236,2019-01-03 04:07:54
523,Victoir,McGilleghole,vmcgillegholeei@fastcompany.com,Male,18.164.252.252,2019-12-20 17:10:01
524,Inger,Wheelton,iwheeltonej@twitter.com,Female,121.145.90.174,2020-06-23 00:10:09
525,Darla,Jonke,djonkeek@globo.com,Female,129.243.118.172,2019-11-16 15:05:29
526,Yelena,Hitter,yhitterel@rambler.ru,Female,218.141.39.183,2019-09-19 08:09:32
527,Coreen,Whitsun,cwhitsunem@wikia.com,Female,82.237.128.187,2020-01-27 08:07:20
528,Pennie,Charette,pcharetteen@sciencedaily.com,Male,106.10.121.169,2019-05-10 16:18:49
529,Roderigo,Scholig,rscholigeo@sakura.ne.jp,Male,247.69.73.199,2019-05-16 00:55:11
530,Smitty,Richings,srichingsep@chicagotribune.com,Male,104.203.150.145,2020-08-13 19:19:58
531,Vale,Sheffield,vsheffieldeq@kickstarter.com,Male,161.67.143.189,2020-08-15 01:13:46
532,Sheela,Abelov,sabelover@imdb.com,Female,26.228.219.48,2019-09-29 03:08:36
533,Herve,Unworth,hunworthes@cnn.com,Male,136.37.177.79,2020-07-09 12:41:38
534,Ivy,Clingoe,iclingoeet@hud.gov,Female,6.90.91.238,2019-04-08 23:53:43
535,Betty,Corr,bcorreu@bizjournals.com,Female,37.91.212.203,2019-12-02 05:32:24
536,Kori,Proschek,kproschekev@oracle.com,Female,228.174.143.170,2019-08-24 18:14:25
537,Mort,Kamenar,mkamenarew@prweb.com,Male,236.43.234.169,2020-09-15 06:37:43
538,Melina,Jozwicki,mjozwickiex@vistaprint.com,Female,44.132.237.245,2019-02-26 07:12:56
539,Loretta,Lotte,llotteey@gov.uk,Female,237.136.71.255,2020-11-08 13:09:40
540,Gerrie,Bownes,gbownesez@wix.com,Female,68.135.27.108,2019-02-21 04:07:08
541,Amalea,Morston,amorstonf0@123-reg.co.uk,Female,163.1.136.35,2020-08-13 08:03:09
542,Mayor,Doyle,mdoylef1@plala.or.jp,Male,205.194.200.189,2020-10-12 01:03:29
543,Codi,Jaskowicz,cjaskowiczf2@issuu.com,Male,115.99.116.144,2020-07-15 10:59:46
544,Sibella,Hands,shandsf3@networkadvertising.org,Female,218.202.6.111,2019-12-24 22:00:04
545,Thomasa,Pilger,tpilgerf4@google.com,Female,22.136.145.105,2019-07-31 15:41:20
546,Lory,Edis,ledisf5@forbes.com,Female,221.97.84.94,2019-08-15 13:04:06
547,Cara,Olyfat,colyfatf6@soundcloud.com,Female,31.192.161.102,2019-07-28 07:32:44
548,Tiphanie,Cuxon,tcuxonf7@ted.com,Female,18.126.121.100,2020-12-26 16:32:11
549,Ulric,Quinnelly,uquinnellyf8@goo.ne.jp,Male,7.55.185.102,2019-01-14 01:19:09
550,Herbert,Sexcey,hsexceyf9@123-reg.co.uk,Male,206.239.150.47,2019-07-16 23:18:24
551,Hayes,Bluck,hbluckfa@biglobe.ne.jp,Male,38.94.1.181,2020-02-09 19:32:25
552,Tiler,Kynge,tkyngefb@illinois.edu,Male,152.182.200.178,2020-05-09 00:18:45
553,Hollis,Dunkerley,hdunkerleyfc@unblog.fr,Male,159.56.227.75,2020-10-26 16:38:48
554,Hildy,Wandtke,hwandtkefd@ucla.edu,Female,182.187.46.46,2020-05-16 01:30:08
555,Emiline,Braune,ebraunefe@columbia.edu,Female,194.187.46.170,2019-12-04 14:11:33
556,Angelia,Tabard,atabardff@telegraph.co.uk,Female,159.205.48.194,2020-08-29 09:20:56
557,Penelopa,Ludlamme,pludlammefg@themeforest.net,Female,158.27.188.171,2020-04-12 19:09:56
558,Sarene,Biskupek,sbiskupekfh@nih.gov,Female,93.53.169.239,2020-01-31 03:58:12
559,Deeanne,Hradsky,dhradskyfi@cyberchimps.com,Female,86.201.93.17,2019-08-14 22:21:22
560,Karim,Dawltrey,kdawltreyfj@shinystat.com,Male,255.120.89.97,2020-06-06 20:58:29
561,Sandro,Gentzsch,sgentzschfk@comcast.net,Male,111.235.131.64,2020-01-03 07:16:59
562,Davie,Vazquez,dvazquezfl@google.com,Male,37.149.1.218,2019-07-16 18:16:03
563,Chicky,Tarr,ctarrfm@angelfire.com,Male,17.76.203.75,2019-02-25 20:44:22
564,Gabie,Dummer,gdummerfn@istockphoto.com,Male,6.135.128.110,2019-05-28 11:34:06
565,Zonnya,Freemantle,zfreemantlefo@pbs.org,Female,215.30.154.120,2020-01-11 06:13:58
566,Lanette,Palliser,lpalliserfp@php.net,Female,116.86.4.145,2019-10-17 05:25:40
567,Norrie,Solano,nsolanofq@friendfeed.com,Male,137.143.195.224,2019-06-20 06:44:16
568,Tabatha,Messitt,tmessittfr@umn.edu,Female,175.5.216.232,2020-06-13 04:53:47
569,Janelle,Klehyn,jklehynfs@howstuffworks.com,Female,237.255.240.65,2019-01-16 00:17:37
570,Gui,Croxon,gcroxonft@networkadvertising.org,Female,240.220.144.219,2019-04-02 14:19:32
571,Amalia,Mathwin,amathwinfu@wp.com,Female,98.71.133.21,2020-07-26 08:16:59
572,Mirna,Caswell,mcaswellfv@plala.or.jp,Female,68.114.242.24,2019-01-11 01:30:19
573,Muhammad,Noyes,mnoyesfw@washingtonpost.com,Male,164.21.218.180,2020-02-13 22:57:26
574,Pepi,Irlam,pirlamfx@alexa.com,Female,173.11.255.94,2019-05-13 04:15:56
575,Alwyn,McDyer,amcdyerfy@linkedin.com,Male,255.55.176.95,2020-03-14 12:34:28
576,Stace,Miere,smierefz@miibeian.gov.cn,Female,203.251.141.232,2020-07-22 11:40:39
577,Justus,Jereatt,jjereattg0@csmonitor.com,Male,148.173.143.88,2020-10-09 07:20:51
578,Patience,Markson,pmarksong1@uol.com.br,Female,149.140.8.207,2019-12-25 08:34:00
579,Ursa,Morforth,umorforthg2@behance.net,Female,100.114.190.174,2020-01-09 00:21:34
580,Carissa,Skynner,cskynnerg3@howstuffworks.com,Female,109.246.53.176,2020-07-30 02:57:29
581,Demetri,Roscamp,droscampg4@va.gov,Male,86.16.151.99,2020-07-07 05:08:46
582,Humfrey,Setford,hsetfordg5@home.pl,Male,161.119.216.88,2020-03-23 13:51:53
583,Hort,Drance,hdranceg6@ning.com,Male,36.29.100.43,2020-02-19 10:48:07
584,Lothario,Ponsford,lponsfordg7@barnesandnoble.com,Male,134.215.138.46,2020-12-17 06:30:52
585,Ilario,Scholar,ischolarg8@google.co.jp,Male,24.50.53.163,2019-03-15 13:37:20
586,Marcy,Kellick,mkellickg9@home.pl,Female,101.126.114.98,2020-09-18 12:11:31
587,Mommy,Kiessel,mkiesselga@istockphoto.com,Female,9.221.54.166,2019-02-28 04:20:47
588,Peyter,Boorn,pboorngb@yahoo.co.jp,Male,233.180.25.163,2020-12-11 09:00:32
589,Chaddie,Plaster,cplastergc@xrea.com,Male,187.49.214.28,2020-03-24 20:58:43
590,Hollis,Welton,hweltongd@nymag.com,Male,247.189.178.172,2020-04-16 05:20:22
591,Eadmund,Ecles,eeclesge@edublogs.org,Male,46.213.29.126,2020-05-11 00:49:19
592,Judith,Durber,jdurbergf@google.ca,Female,245.178.199.197,2019-12-03 03:06:30
593,Hamlin,Baber,hbabergg@hp.com,Male,225.177.207.185,2019-09-26 05:48:54
594,Trudey,Wadesworth,twadesworthgh@unesco.org,Female,39.196.37.142,2020-07-22 18:16:36
595,Roseanne,Gargett,rgargettgi@java.com,Female,45.158.64.227,2019-07-28 00:02:19
596,Reeva,Phayre,rphayregj@ning.com,Female,54.162.133.216,2019-03-25 12:20:55
597,Roth,Lightbowne,rlightbownegk@nationalgeographic.com,Male,11.8.9.37,2019-05-02 04:16:02
598,Sibyl,Posselow,sposselowgl@fema.gov,Male,55.109.196.37,2020-10-03 03:23:28
599,Vidovic,Westhofer,vwesthofergm@apple.com,Male,142.214.139.164,2020-05-29 03:34:25
600,D'arcy,Stibbs,dstibbsgn@ucoz.com,Male,144.242.192.196,2020-01-25 07:52:51
601,Myrah,Spenley,mspenleygo@who.int,Female,2.182.164.213,2019-02-26 10:07:33
602,Ilse,Dyerson,idyersongp@noaa.gov,Female,255.17.118.103,2020-09-03 23:29:27
603,Asher,Udy,audygq@netscape.com,Male,100.59.39.46,2019-06-07 13:41:17
604,Ab,Alesin,aalesingr@newyorker.com,Male,3.140.15.214,2020-03-13 15:50:11
605,Erwin,Lorinez,elorinezgs@stanford.edu,Male,40.4.179.32,2019-06-01 14:24:46
606,Tedra,Storey,tstoreygt@si.edu,Female,65.180.106.229,2020-02-19 07:55:08
607,Leonie,Heinel,lheinelgu@parallels.com,Female,132.140.149.62,2019-02-02 09:08:57
608,Clifford,Krauze,ckrauzegv@prnewswire.com,Male,171.167.239.180,2019-09-28 01:45:29
609,Hildy,O'Towey,hotoweygw@cbsnews.com,Female,39.164.203.39,2020-04-12 04:28:48
610,Aguste,Haysom,ahaysomgx@facebook.com,Male,240.161.156.110,2019-07-21 21:45:09
611,Romy,Tunesi,rtunesigy@thetimes.co.uk,Female,122.200.74.219,2019-06-13 08:18:47
612,Calvin,Kick,ckickgz@aboutads.info,Male,4.195.198.25,2020-07-28 08:49:27
613,Doralynn,MacMechan,dmacmechanh0@microsoft.com,Female,44.19.124.182,2020-11-19 02:47:24
614,Maggi,Belamy,mbelamyh1@ihg.com,Female,152.230.197.173,2020-04-14 19:54:26
615,Will,Shipley,wshipleyh2@domainmarket.com,Male,179.65.238.25,2019-09-30 11:05:24
616,Teodoor,Brunotti,tbrunottih3@clickbank.net,Male,93.25.121.207,2019-02-04 10:39:25
617,Anthe,Swepson,aswepsonh4@booking.com,Female,112.172.208.188,2019-07-18 01:46:33
618,Elizabeth,McIlenna,emcilennah5@eventbrite.com,Female,0.239.5.119,2020-10-30 02:41:25
619,Adlai,Arrol,aarrolh6@liveinternet.ru,Male,252.119.58.63,2019-02-13 16:18:52
620,Eldredge,Marrill,emarrillh7@blog.com,Male,57.154.218.44,2020-11-06 13:55:50
621,Melvin,Dillet,mdilleth8@ifeng.com,Male,105.179.46.78,2020-07-29 07:26:51
622,Laurianne,Neave,lneaveh9@mysql.com,Female,182.33.136.224,2019-05-11 03:31:45
623,Randie,Saundercock,rsaundercockha@cargocollective.com,Male,45.148.205.88,2020-12-20 21:37:18
624,Baillie,Hollows,bhollowshb@nhs.uk,Male,65.45.17.205,2020-05-03 22:56:07
625,Lincoln,Cattermull,lcattermullhc@dot.gov,Male,222.250.207.80,2020-05-15 10:45:45
626,Fergus,Silversmid,fsilversmidhd@liveinternet.ru,Male,115.60.97.59,2019-05-17 20:43:39
627,Aldridge,Bedward,abedwardhe@vinaora.com,Male,6.139.79.28,2020-02-15 00:13:06
628,Bevan,Stanier,bstanierhf@apple.com,Male,220.229.31.185,2020-06-04 17:02:20
629,Ashby,Summerrell,asummerrellhg@wunderground.com,Male,194.134.62.66,2019-09-29 19:37:16
630,Arnuad,McCorkell,amccorkellhh@google.com.au,Male,143.131.176.106,2020-07-24 22:35:57
631,Melina,Tilne,mtilnehi@artisteer.com,Female,151.23.206.87,2019-10-04 21:52:26
632,Fleming,Draysay,fdraysayhj@mail.ru,Male,154.18.129.73,2019-08-09 21:07:58
633,Thalia,Carletti,tcarlettihk@surveymonkey.com,Female,162.132.180.77,2019-12-08 09:09:50
634,Salvador,Rivalland,srivallandhl@ocn.ne.jp,Male,67.255.107.224,2019-03-04 00:20:15
635,Delcina,McKay,dmckayhm@baidu.com,Female,65.198.123.129,2019-08-22 11:12:29
636,Sharlene,Bengochea,sbengocheahn@goo.gl,Female,153.194.139.241,2020-08-24 14:02:51
637,Lars,Saxton,lsaxtonho@ovh.net,Male,9.32.65.68,2020-07-14 16:01:20
638,Raynard,Webster,rwebsterhp@bbb.org,Male,193.113.187.232,2020-11-03 02:05:50
639,Audrey,Eckley,aeckleyhq@google.co.jp,Female,134.196.82.14,2020-03-29 15:09:14
640,Rolando,Slaney,rslaneyhr@comcast.net,Male,128.87.128.225,2020-11-08 09:34:00
641,Patrizia,Neissen,pneissenhs@trellian.com,Female,182.3.94.20,2019-07-22 20:53:48
642,Cecilio,Lambregts,clambregtsht@rambler.ru,Male,74.205.176.233,2020-09-02 06:23:39
643,Lethia,McCrone,lmccronehu@cnn.com,Female,157.143.150.15,2019-02-14 09:12:21
644,Mirabel,Sibbald,msibbaldhv@trellian.com,Female,46.199.20.92,2020-12-02 09:13:59
645,Saxon,Masden,smasdenhw@fda.gov,Male,162.33.67.91,2019-01-08 23:08:24
646,Camey,Fairn,cfairnhx@blogger.com,Male,79.102.157.131,2020-08-02 12:15:33
647,Jenifer,Grewar,jgrewarhy@psu.edu,Female,99.198.0.179,2019-11-03 22:28:41
648,Halimeda,Kremer,hkremerhz@squarespace.com,Female,255.36.124.209,2019-03-01 17:30:12
649,Mag,Matiebe,mmatiebei0@house.gov,Female,131.80.21.22,2019-11-08 09:41:26
650,Corrine,Lemasney,clemasneyi1@topsy.com,Female,73.130.242.38,2019-05-19 03:00:18
651,Ancell,Vasyunkin,avasyunkini2@loc.gov,Male,253.125.40.145,2019-03-08 12:22:47
652,Erick,Overbury,eoverburyi3@cmu.edu,Male,107.162.122.64,2019-09-03 02:58:00
653,Rafaello,Crosseland,rcrosselandi4@cnet.com,Male,27.113.167.114,2020-12-09 14:20:10
654,Allister,McAvey,amcaveyi5@smh.com.au,Male,41.3.95.253,2020-11-24 04:38:24
655,Gloriane,Mizzen,gmizzeni6@slashdot.org,Female,52.111.101.212,2020-11-17 14:43:05
656,Leanor,Alliston,lallistoni7@prweb.com,Female,173.246.217.168,2020-03-07 00:57:55
657,Gavin,Sousa,gsousai8@networksolutions.com,Male,79.94.76.151,2019-08-03 22:37:25
658,Loy,Stockoe,lstockoei9@imageshack.us,Male,59.124.179.24,2020-11-11 18:26:22
659,Lenci,Tooth,ltoothia@sfgate.com,Male,156.189.205.137,2019-03-20 12:07:23
660,Darci,Dreus,ddreusib@japanpost.jp,Female,179.152.213.83,2020-06-06 20:47:36
661,Micheil,Tricker,mtrickeric@psu.edu,Male,158.164.203.21,2019-11-03 02:26:09
662,Linzy,Slidders,lsliddersid@phoca.cz,Female,20.0.15.63,2020-10-19 04:16:27
663,Marieann,Ellings,mellingsie@huffingtonpost.com,Female,175.236.199.238,2019-07-09 08:13:56
664,Lynsey,Grigson,lgrigsonif@zdnet.com,Female,155.231.144.81,2019-05-05 12:27:29
665,Fidela,Boas,fboasig@patch.com,Female,41.6.129.61,2020-02-16 04:59:11
666,Devland,Elbourn,delbournih@sbwire.com,Male,174.64.233.113,2019-05-23 01:59:42
667,Tressa,Downes,tdownesii@dropbox.com,Female,18.26.69.110,2019-04-02 04:05:15
668,Kary,Burrell,kburrellij@usgs.gov,Female,31.145.194.152,2020-08-06 17:11:07
669,Chase,Laborda,clabordaik@fastcompany.com,Male,91.99.240.213,2019-02-27 15:51:23
670,Aleen,Ribbens,aribbensil@businessinsider.com,Female,53.1.89.131,2019-04-07 20:23:47
671,Mimi,Lumox,mlumoxim@gmpg.org,Female,118.120.18.194,2019-09-15 21:21:45
672,Ricki,Kettlesting,rkettlestingin@discuz.net,Female,14.194.80.45,2019-08-31 01:43:04
673,Thekla,Stoodale,tstoodaleio@ucoz.com,Female,74.188.35.245,2020-04-14 00:40:23
674,Hilliard,Kightly,hkightlyip@virginia.edu,Male,254.68.214.234,2020-03-27 13:30:55
675,Helene,Woodford,hwoodfordiq@dmoz.org,Female,162.176.181.41,2020-06-10 05:56:55
676,Virge,Alstead,valsteadir@diigo.com,Male,38.179.59.191,2019-09-06 00:18:00
677,Francis,Dellow,fdellowis@auda.org.au,Male,129.135.80.56,2020-09-30 09:48:41
678,Waylon,Davers,wdaversit@behance.net,Male,240.122.152.216,2019-09-18 13:28:31
679,Amity,Mixon,amixoniu@berkeley.edu,Female,52.63.98.220,2019-05-14 00:17:12
680,Barnaby,Trice,btriceiv@mit.edu,Male,40.233.10.88,2019-11-13 03:31:59
681,Brett,Borge,bborgeiw@cpanel.net,Male,151.216.210.146,2019-04-02 04:29:36
682,Ingaborg,Jerrim,ijerrimix@amazon.co.jp,Female,83.1.89.153,2020-08-11 05:09:56
683,Ronnica,Pappin,rpappiniy@miitbeian.gov.cn,Female,51.217.87.244,2020-08-06 00:51:53
684,Delphinia,Renfield,drenfieldiz@indiatimes.com,Female,44.38.243.65,2020-03-21 22:22:05
685,Shoshanna,Hanlin,shanlinj0@timesonline.co.uk,Female,61.68.21.6,2019-10-24 05:05:49
686,Julee,Bowdery,jbowderyj1@businessinsider.com,Female,212.3.140.216,2020-04-06 02:33:52
687,Papageno,Moxted,pmoxtedj2@myspace.com,Male,180.89.133.153,2020-11-16 12:59:44
688,Gaby,Plessing,gplessingj3@forbes.com,Male,86.13.189.219,2020-06-01 21:19:48
689,Martynne,Ferrucci,mferruccij4@pagesperso-orange.fr,Female,107.255.192.11,2019-06-16 21:01:06
690,Viole,Wymer,vwymerj5@histats.com,Female,224.160.19.127,2019-11-30 12:31:30
691,Cozmo,Dwerryhouse,cdwerryhousej6@behance.net,Male,206.41.209.16,2020-10-19 09:49:53
692,Ebba,Wythe,ewythej7@dropbox.com,Female,1.47.169.195,2019-11-12 21:19:10
693,Jackqueline,Enbury,jenburyj8@twitter.com,Female,91.168.22.39,2020-12-26 23:18:56
694,Nicole,Delnevo,ndelnevoj9@ifeng.com,Female,109.21.186.184,2020-03-26 11:10:34
695,Davie,Dalrymple,ddalrympleja@auda.org.au,Male,22.190.223.95,2020-05-04 19:05:24
696,Justine,Calder,jcalderjb@craigslist.org,Female,236.5.122.198,2019-12-28 07:14:55
697,Val,Gromley,vgromleyjc@ycombinator.com,Male,250.172.21.54,2019-03-18 06:54:09
698,Coretta,Tomicki,ctomickijd@reference.com,Female,56.213.126.181,2020-04-15 03:25:03
699,Sarene,Almack,salmackje@rambler.ru,Female,246.116.137.242,2020-03-18 04:59:10
700,Lucille,Noen,lnoenjf@shareasale.com,Female,155.203.109.123,2020-04-24 03:11:17
701,Sammy,Schinetti,sschinettijg@fema.gov,Male,39.35.59.138,2019-07-15 09:08:58
702,Slade,Kardos,skardosjh@w3.org,Male,246.0.188.228,2019-05-16 06:18:35
703,Alonso,Rolstone,arolstoneji@storify.com,Male,109.114.240.167,2019-12-18 17:49:31
704,Alyse,Ballintime,aballintimejj@bloomberg.com,Female,54.113.109.1,2019-07-16 17:30:37
705,Seline,Bernet,sbernetjk@yelp.com,Female,208.165.132.140,2019-09-03 04:26:48
706,Hilary,Ziemsen,hziemsenjl@weather.com,Female,210.230.182.102,2019-10-24 06:25:02
707,Keith,Tonepohl,ktonepohljm@imdb.com,Male,128.132.106.59,2019-08-24 17:00:42
708,Garfield,Gravett,ggravettjn@instagram.com,Male,100.112.248.92,2019-03-23 06:28:16
709,Kiersten,Deem,kdeemjo@spiegel.de,Female,247.41.159.164,2020-09-11 15:11:12
710,Erastus,Hing,ehingjp@slate.com,Male,210.169.80.82,2020-02-01 06:22:58
711,Curtice,Lapslie,clapsliejq@dailymail.co.uk,Male,75.197.109.202,2020-03-04 21:58:49
712,Westbrooke,Ferbrache,wferbrachejr@npr.org,Male,189.126.5.176,2020-07-11 23:53:43
713,Gill,Albiston,galbistonjs@ft.com,Male,0.194.31.174,2020-10-03 08:34:53
714,Gordan,Voak,gvoakjt@weibo.com,Male,33.187.6.246,2019-05-31 01:04:17
715,Odessa,Versey,overseyju@mozilla.org,Female,67.18.6.160,2019-04-12 19:14:44
716,Brinn,Chue,bchuejv@over-blog.com,Female,197.104.159.57,2019-04-12 02:31:14
717,Otes,Maryan,omaryanjw@gov.uk,Male,37.125.22.211,2020-12-04 14:18:12
718,Anselma,Rihosek,arihosekjx@ifeng.com,Female,204.165.87.163,2020-02-03 06:14:57
719,Dorri,Rome,dromejy@mysql.com,Female,235.140.165.192,2019-09-08 08:28:37
720,Adara,Matuschek,amatuschekjz@youku.com,Female,249.14.157.11,2019-09-22 04:28:16
721,Gardiner,Brash,gbrashk0@ovh.net,Male,67.9.195.95,2019-07-18 21:35:51
722,Wilbert,Gauvain,wgauvaink1@newyorker.com,Male,111.10.101.131,2019-09-14 19:56:51
723,Mabelle,Lidgley,mlidgleyk2@omniture.com,Female,112.35.52.199,2019-05-11 18:17:34
724,Christoforo,Ortells,cortellsk3@symantec.com,Male,42.57.250.98,2019-03-27 17:14:52
725,Ingrim,Towse,itowsek4@unicef.org,Male,252.22.156.67,2020-09-03 09:55:13
726,Benyamin,Hawarden,bhawardenk5@mysql.com,Male,228.217.182.93,2021-01-01 13:17:01
727,Liam,Treasure,ltreasurek6@live.com,Male,247.69.191.85,2020-11-11 00:22:46
728,Xaviera,Tabbitt,xtabbittk7@meetup.com,Female,117.115.179.104,2019-12-08 23:40:10
729,Christoph,Pfaffe,cpfaffek8@businesswire.com,Male,230.194.90.154,2019-07-10 14:21:38
730,Saleem,Cruces,scrucesk9@4shared.com,Male,121.245.176.176,2019-04-30 15:13:18
731,Wallis,Bazoge,wbazogeka@msu.edu,Female,60.182.67.196,2020-04-30 17:39:52
732,Natalee,Domanski,ndomanskikb@booking.com,Female,43.50.169.209,2019-07-25 09:17:20
733,Mitchel,Geale,mgealekc@theglobeandmail.com,Male,107.120.244.175,2019-04-30 15:32:19
734,Karmen,Schach,kschachkd@dmoz.org,Female,204.221.2.236,2020-01-01 09:42:14
735,Dennie,Sharple,dsharpleke@hhs.gov,Male,217.62.214.128,2020-09-14 17:44:30
736,Briano,Gamble,bgamblekf@webeden.co.uk,Male,207.206.121.35,2019-10-22 03:41:43
737,Norah,Korf,nkorfkg@mlb.com,Female,89.106.81.214,2019-09-01 00:09:19
738,Phillipp,Lingfoot,plingfootkh@ox.ac.uk,Male,194.6.140.110,2019-11-28 19:57:01
739,Isobel,Phettis,iphettiski@constantcontact.com,Female,223.186.13.153,2019-09-21 08:01:57
740,Mavis,Tanfield,mtanfieldkj@hud.gov,Female,118.233.161.217,2020-11-17 21:03:55
741,Manuel,Springthorpe,mspringthorpekk@umich.edu,Male,46.137.73.111,2020-11-28 22:45:12
742,Truman,Davinet,tdavinetkl@cbslocal.com,Male,83.72.188.87,2020-10-23 05:28:45
743,Linda,Newe,lnewekm@fc2.com,Female,62.105.194.62,2019-05-16 08:38:15
744,Junina,Choupin,jchoupinkn@dyndns.org,Female,225.182.136.101,2019-06-05 08:29:23
745,Jayne,Adlard,jadlardko@homestead.com,Female,63.145.193.29,2020-08-08 09:51:49
746,Logan,Hardaker,lhardakerkp@google.cn,Male,100.251.188.232,2020-02-03 09:27:42
747,Katharyn,Peterffy,kpeterffykq@addtoany.com,Female,194.244.38.72,2019-04-23 02:37:12
748,Virgilio,Hargreave,vhargreavekr@gov.uk,Male,113.194.5.156,2020-04-25 11:21:10
749,Sully,Ovitz,sovitzks@sfgate.com,Male,122.103.163.63,2019-03-27 17:26:19
750,Sanders,Flipek,sflipekkt@bloglovin.com,Male,220.150.175.171,2019-11-22 01:29:08
751,Mikaela,Loiterton,mloitertonku@craigslist.org,Female,182.168.212.78,2019-02-16 00:23:56
752,Neal,Grise,ngrisekv@uol.com.br,Male,90.53.77.43,2020-08-24 20:35:00
753,Knox,Lait,klaitkw@webmd.com,Male,71.229.125.90,2019-01-09 03:05:15
754,Earle,Carpenter,ecarpenterkx@google.ca,Male,6.233.53.112,2019-11-16 15:02:40
755,Patience,Fancott,pfancottky@cyberchimps.com,Female,195.129.48.123,2019-06-04 01:59:17
756,Xever,Blaasch,xblaaschkz@netvibes.com,Male,153.145.39.61,2019-05-14 15:59:47
757,Sarina,Peyto,speytol0@cdbaby.com,Female,13.90.209.219,2019-03-31 14:00:37
758,Kara-lynn,Colkett,kcolkettl1@instagram.com,Female,195.92.139.253,2020-06-15 07:46:38
759,Tadd,Spacy,tspacyl2@spiegel.de,Male,34.85.6.69,2019-01-20 13:40:21
760,Dar,Sunshine,dsunshinel3@mozilla.org,Male,57.253.158.212,2020-09-13 22:01:02
761,Christiane,Water,cwaterl4@google.pl,Female,13.20.197.183,2020-10-08 04:38:48
762,Cordelie,Leacock,cleacockl5@php.net,Female,185.61.107.121,2019-04-17 23:57:28
763,Arabelle,Coysh,acoyshl6@paginegialle.it,Female,186.52.249.145,2019-05-03 15:40:17
764,Killian,Horlock,khorlockl7@pinterest.com,Male,149.220.251.254,2020-09-13 17:23:46
765,Harriott,Sollner,hsollnerl8@furl.net,Female,190.226.236.71,2019-07-24 12:25:56
766,Sam,Broader,sbroaderl9@yahoo.co.jp,Male,99.9.208.28,2020-05-25 17:04:48
767,Andie,Tudor,atudorla@google.co.uk,Male,33.93.146.95,2020-11-08 18:09:52
768,Sheffy,Tunno,stunnolb@senate.gov,Male,19.129.95.205,2020-09-14 03:19:08
769,Maury,Hansmann,mhansmannlc@digg.com,Male,70.223.160.67,2020-08-31 16:46:24
770,Bibbye,Hynes,bhynesld@studiopress.com,Female,248.148.15.154,2020-02-04 11:32:09
771,Sinclare,Rudwell,srudwellle@lycos.com,Male,14.78.3.222,2020-03-07 15:53:13
772,Rosalyn,Wicklin,rwicklinlf@macromedia.com,Female,236.31.26.222,2020-12-08 04:48:47
773,Wat,Bailles,wbailleslg@alexa.com,Male,155.217.78.33,2019-06-27 02:54:31
774,Silvain,Delagua,sdelagualh@umn.edu,Male,247.32.143.154,2019-05-27 16:57:10
775,Friedrich,Village,fvillageli@craigslist.org,Male,231.178.83.97,2019-08-23 02:19:49
776,Palmer,Stanbury,pstanburylj@shareasale.com,Male,75.169.118.113,2019-02-19 14:42:59
777,Debra,Betun,dbetunlk@noaa.gov,Female,221.66.34.128,2020-09-25 13:47:46
778,Anthony,Shilvock,ashilvockll@godaddy.com,Male,202.154.234.27,2020-10-10 15:02:26
779,Nigel,Bartell,nbartelllm@marketwatch.com,Male,146.148.65.174,2019-08-30 15:21:44
780,Hayyim,Northcott,hnorthcottln@parallels.com,Male,186.108.35.161,2019-10-28 01:05:54
781,Aleen,Rolance,arolancelo@hatena.ne.jp,Female,82.147.215.214,2020-10-22 15:44:46
782,Hurlee,Mearing,hmearinglp@blogs.com,Male,123.104.212.109,2020-09-27 13:55:44
783,Elisabeth,Tomasutti,etomasuttilq@netvibes.com,Female,181.207.93.109,2020-03-18 05:54:19
784,Myrtie,Antosch,mantoschlr@seattletimes.com,Female,84.185.109.12,2020-06-24 10:00:35
785,Cissy,Howlin,chowlinls@github.io,Female,223.142.91.46,2019-09-24 22:32:39
786,Jordanna,Vineall,jvinealllt@sakura.ne.jp,Female,88.95.174.11,2020-04-02 00:34:31
787,Martha,Le Noury,mlenourylu@nymag.com,Female,155.234.252.172,2019-08-21 12:23:07
788,Tabbie,Shoard,tshoardlv@apache.org,Female,250.161.45.55,2019-05-23 16:25:11
789,Fiann,Bloss,fblosslw@cloudflare.com,Female,169.11.201.124,2020-01-09 03:03:57
790,Windham,Linzey,wlinzeylx@tumblr.com,Male,138.117.165.15,2019-01-07 08:00:22
791,Doti,Rubinlicht,drubinlichtly@xing.com,Female,129.62.125.87,2020-08-28 16:12:24
792,Thor,Helversen,thelversenlz@marketwatch.com,Male,26.60.248.29,2019-08-22 03:27:50
793,Sari,Hegges,sheggesm0@sourceforge.net,Female,169.102.105.211,2020-12-13 14:29:27
794,Ardis,Lusted,alustedm1@phpbb.com,Female,10.59.239.40,2019-02-08 08:24:06
795,Hebert,Janecek,hjanecekm2@feedburner.com,Male,187.65.120.170,2020-10-19 23:25:18
796,Rube,Gheorghescu,rgheorghescum3@usa.gov,Male,231.18.125.134,2019-03-01 12:57:26
797,Ainslee,Ayling,aaylingm4@elegantthemes.com,Female,236.106.26.153,2019-06-18 15:40:55
798,Granville,Maric,gmaricm5@geocities.com,Male,181.141.73.213,2019-09-04 14:47:45
799,Andrea,Julian,ajulianm6@wikimedia.org,Male,113.26.36.220,2019-01-14 15:45:50
800,Sharl,Fiorentino,sfiorentinom7@pbs.org,Female,168.196.102.227,2019-07-12 02:18:38
801,Maximilien,Ruoss,mruossm8@github.io,Male,48.161.191.164,2020-10-01 20:37:44
802,Shoshanna,Britton,sbrittonm9@washington.edu,Female,172.136.134.57,2020-11-02 11:14:33
803,Kamilah,Dunsford,kdunsfordma@mail.ru,Female,114.234.83.70,2020-03-29 02:55:36
804,Gertrud,Moine,gmoinemb@psu.edu,Female,224.157.103.0,2020-03-17 12:50:01
805,Bastian,Gercke,bgerckemc@ucoz.com,Male,17.18.8.190,2019-10-31 21:39:59
806,Laina,Studd,lstuddmd@reverbnation.com,Female,108.233.171.21,2019-06-11 09:20:04
807,Lorrin,Brewerton,lbrewertonme@rediff.com,Female,39.33.160.150,2020-03-08 22:57:21
808,Ingrim,Kindell,ikindellmf@soundcloud.com,Male,218.40.150.234,2020-08-19 06:37:04
809,Alisha,Tillard,atillardmg@paginegialle.it,Female,181.254.80.29,2019-11-10 20:36:17
810,Florri,Sarfas,fsarfasmh@hhs.gov,Female,44.101.179.96,2020-10-19 08:06:08
811,Margarette,McCorry,mmccorrymi@macromedia.com,Female,4.53.0.14,2019-01-09 02:22:42
812,Filbert,Gyver,fgyvermj@desdev.cn,Male,151.9.31.238,2020-12-17 21:52:37
813,Myrna,Seelbach,mseelbachmk@miibeian.gov.cn,Female,48.155.75.176,2020-08-14 20:24:31
814,Nickolaus,Pottage,npottageml@slate.com,Male,185.141.102.24,2020-06-21 09:53:48
815,Selene,Bennallck,sbennallckmm@answers.com,Female,174.208.160.69,2020-05-16 16:22:18
816,Nikita,Massel,nmasselmn@networksolutions.com,Male,130.17.28.24,2019-05-02 06:07:50
817,Johnny,Pacey,jpaceymo@google.de,Male,204.84.129.236,2020-09-20 10:37:54
818,Gabriela,Giraudoux,ggiraudouxmp@topsy.com,Female,50.164.178.32,2019-10-31 15:16:56
819,Bettye,Doerling,bdoerlingmq@yandex.ru,Female,61.21.45.180,2019-03-25 22:45:43
820,Felice,Frantsev,ffrantsevmr@scribd.com,Male,230.175.221.110,2020-12-20 15:55:25
821,Hube,Fillingham,hfillinghamms@economist.com,Male,174.226.111.21,2019-05-21 19:18:32
822,Babette,Outridge,boutridgemt@go.com,Female,216.71.209.191,2019-12-06 14:12:01
823,Broddy,Brashaw,bbrashawmu@umich.edu,Male,43.149.108.119,2019-04-05 07:57:59
824,Reginald,Swiffen,rswiffenmv@illinois.edu,Male,130.162.128.219,2020-02-08 10:14:05
825,Bobbee,Labone,blabonemw@reuters.com,Female,117.184.48.15,2020-11-18 21:54:20
826,Barron,Gilpin,bgilpinmx@msu.edu,Male,199.87.70.255,2019-01-13 13:43:24
827,Leontine,Hallen,lhallenmy@gov.uk,Female,65.18.6.135,2019-01-04 23:21:59
828,Ganny,Orum,gorummz@umn.edu,Male,191.200.41.217,2020-08-10 09:36:58
829,Juli,Pittford,jpittfordn0@drupal.org,Female,238.216.20.123,2020-10-20 15:22:37
830,Aube,Bugdall,abugdalln1@psu.edu,Male,182.38.215.241,2020-06-04 11:07:43
831,Anstice,Lovelace,alovelacen2@apple.com,Female,191.51.166.60,2020-12-12 15:41:04
832,Cyrus,Royle,croylen3@weibo.com,Male,5.105.229.37,2020-09-24 20:05:16
833,Shaw,Clementson,sclementsonn4@dagondesign.com,Male,96.57.25.243,2020-04-09 13:37:55
834,Dorthea,Booker,dbookern5@forbes.com,Female,253.40.181.1,2019-03-26 15:16:37
835,Cull,Harmar,charmarn6@addtoany.com,Male,106.185.128.242,2020-07-19 03:54:53
836,Adelaide,Santore,asantoren7@nbcnews.com,Female,76.205.24.69,2019-12-01 16:52:00
837,Mervin,Edgar,medgarn8@hud.gov,Male,250.214.13.237,2019-03-18 03:45:39
838,Hendrika,Axtonne,haxtonnen9@guardian.co.uk,Female,41.243.22.203,2019-12-25 08:08:55
839,Ardine,Westmore,awestmorena@answers.com,Female,2.8.44.208,2019-03-20 22:40:30
840,Elene,Whitworth,ewhitworthnb@independent.co.uk,Female,117.71.213.18,2020-04-06 07:10:50
841,Earlie,Goodbur,egoodburnc@businesswire.com,Male,8.233.164.183,2020-11-23 12:59:11
842,Flin,Hulatt,fhulattnd@bigcartel.com,Male,74.244.194.58,2020-12-17 12:12:10
843,Rufe,Purselowe,rpurselowene@smugmug.com,Male,44.195.6.19,2019-12-10 15:37:07
844,Antonin,Venny,avennynf@hao123.com,Male,103.85.178.9,2020-02-01 02:50:13
845,Frazier,Goadsby,fgoadsbyng@java.com,Male,74.137.40.146,2020-09-07 20:42:26
846,Mahala,Matchitt,mmatchittnh@4shared.com,Female,58.217.49.162,2019-01-01 12:23:15
847,Pincus,Sinisbury,psinisburyni@mozilla.org,Male,13.64.160.1,2019-05-11 14:48:28
848,Josey,Walentynowicz,jwalentynowicznj@hao123.com,Female,98.193.60.15,2020-11-08 19:29:09
849,Pat,Agent,pagentnk@umn.edu,Female,29.193.86.108,2019-08-22 17:22:03
850,Maye,Spiaggia,mspiaggianl@bing.com,Female,199.200.70.26,2019-07-04 07:58:13
851,Raychel,Wimmer,rwimmernm@g.co,Female,163.189.226.68,2019-01-29 19:49:34
852,Gordon,Presnail,gpresnailnn@squidoo.com,Male,108.9.75.232,2019-05-22 02:43:01
853,Jordan,Skitch,jskitchno@vkontakte.ru,Male,62.92.134.182,2020-07-28 22:12:52
854,Zak,Pethick,zpethicknp@wufoo.com,Male,233.51.249.213,2020-02-18 15:59:38
855,Gwenora,Franceschino,gfranceschinonq@imgur.com,Female,169.82.172.248,2021-01-01 04:55:19
856,Trumann,Rearie,trearienr@ucoz.ru,Male,195.131.64.247,2020-12-09 18:41:34
857,Willy,Curtin,wcurtinns@blog.com,Female,150.34.233.67,2020-03-31 05:31:54
858,Tulley,Whitmell,twhitmellnt@reddit.com,Male,180.48.127.66,2020-11-18 18:55:18
859,Uri,Hambrook,uhambrooknu@odnoklassniki.ru,Male,231.230.118.125,2020-08-25 10:51:58
860,Auberon,Patullo,apatullonv@cbc.ca,Male,45.120.221.106,2019-06-06 00:04:12
861,Rufe,Meeson,rmeesonnw@sciencedaily.com,Male,166.12.215.106,2020-09-03 18:03:59
862,Travers,O'Loughlin,toloughlinnx@noaa.gov,Male,110.183.195.61,2019-12-07 08:12:45
863,Prue,McCritchie,pmccritchieny@merriam-webster.com,Female,229.176.14.142,2020-10-14 19:22:35
864,Randi,Whyatt,rwhyattnz@ibm.com,Male,42.243.222.210,2020-11-25 23:51:43
865,Carolynn,Marusyak,cmarusyako0@miitbeian.gov.cn,Female,116.189.242.144,2019-06-03 17:40:24
866,Sven,Whitney,swhitneyo1@mit.edu,Male,209.30.180.134,2019-12-29 17:21:25
867,Timmie,Kimbley,tkimbleyo2@simplemachines.org,Female,229.185.143.224,2019-01-25 14:44:56
868,Brig,O' Sullivan,bosullivano3@hubpages.com,Male,51.2.151.0,2019-01-26 20:32:31
869,Merrile,Treuge,mtreugeo4@bloomberg.com,Female,172.222.246.32,2020-02-18 07:47:36
870,Elke,Lindell,elindello5@rediff.com,Female,198.81.1.243,2020-02-11 16:00:47
871,Vincenty,Renhard,vrenhardo6@newsvine.com,Male,14.99.65.250,2020-09-28 10:05:17
872,Bronson,Stoppe,bstoppeo7@github.com,Male,138.210.22.137,2019-09-29 01:57:35
873,Michale,Mcwhinnie,mmcwhinnieo8@pinterest.com,Male,160.145.195.236,2020-04-27 12:37:09
874,Piotr,Weedenburg,pweedenburgo9@blogs.com,Male,140.157.249.25,2019-04-22 06:00:18
875,Palm,Brute,pbruteoa@hexun.com,Male,156.210.56.86,2019-01-26 19:02:35
876,Mariska,Titchmarsh,mtitchmarshob@archive.org,Female,70.193.58.42,2019-01-18 16:03:42
877,Sherlocke,Casarini,scasarinioc@upenn.edu,Male,30.100.149.90,2020-06-14 16:18:55
878,Constantin,Veltman,cveltmanod@yahoo.co.jp,Male,77.0.118.99,2019-11-10 18:53:55
879,Gusella,Jaynes,gjaynesoe@a8.net,Female,243.46.232.30,2020-12-11 13:45:24
880,Tory,Antonoczyk,tantonoczykof@wikimedia.org,Female,17.36.104.131,2020-01-26 14:30:50
881,Stace,Sarge,ssargeog@creativecommons.org,Female,243.38.183.196,2019-10-06 01:48:26
882,Johnath,Moffet,jmoffetoh@blogger.com,Female,186.163.157.63,2020-02-10 03:32:04
883,Devora,Manuel,dmanueloi@loc.gov,Female,95.232.201.110,2019-10-30 11:16:24
884,Waldemar,Targetter,wtargetteroj@blinklist.com,Male,60.29.176.209,2020-10-23 08:09:22
885,Alasdair,Mico,amicook@meetup.com,Male,8.62.190.89,2020-05-06 13:18:04
886,Berry,Bissett,bbissettol@sourceforge.net,Female,123.160.217.88,2020-07-18 01:01:02
887,Susie,Lademann,slademannom@mac.com,Female,99.232.240.239,2019-02-08 05:11:49
888,Denny,Albone,dalboneon@rambler.ru,Male,154.97.6.137,2020-01-26 06:08:07
889,Arlen,Thaw,athawoo@is.gd,Male,75.203.40.61,2020-07-12 19:42:04
890,Ettie,Chezier,echezierop@unicef.org,Female,12.145.155.18,2020-12-04 09:12:25
891,Grayce,Trase,gtraseoq@freewebs.com,Female,26.46.49.52,2020-06-26 04:05:30
892,Whitby,Clurow,wclurowor@seesaa.net,Male,1.153.191.69,2020-12-02 04:10:55
893,Valle,Bravington,vbravingtonos@ifeng.com,Male,16.60.205.246,2020-10-14 01:21:44
894,Sean,Trowle,strowleot@wordpress.com,Male,222.74.236.38,2019-09-01 06:57:20
895,Sheilah,Caudwell,scaudwellou@mail.ru,Female,188.65.184.31,2019-04-12 20:20:02
896,Fenelia,Burcombe,fburcombeov@istockphoto.com,Female,41.172.115.120,2020-04-26 21:07:29
897,Kali,Grinnikov,kgrinnikovow@mashable.com,Female,99.63.1.134,2020-02-11 16:52:41
898,Gustavus,Stichel,gstichelox@java.com,Male,217.149.28.179,2020-05-13 07:36:57
899,Valera,Hall,vhalloy@jalbum.net,Female,148.135.246.165,2020-07-04 16:43:28
900,Marshall,Coleshill,mcoleshilloz@xrea.com,Male,20.188.222.146,2020-07-02 12:33:16
901,Ashton,Neaves,aneavesp0@spiegel.de,Male,244.153.65.186,2019-07-07 12:34:07
902,Stafani,Singh,ssinghp1@wikimedia.org,Female,150.227.178.254,2019-11-10 00:58:55
903,Stillmann,Eagles,seaglesp2@seesaa.net,Male,153.166.189.226,2019-03-15 21:37:11
904,Son,Vockins,svockinsp3@bluehost.com,Male,239.142.202.193,2019-02-28 14:16:46
905,Mariquilla,Anglish,manglishp4@adobe.com,Female,29.1.184.36,2020-01-04 02:38:15
906,Sinclare,Letertre,sletertrep5@shutterfly.com,Male,219.31.237.82,2019-01-10 10:08:31
907,Marcia,Kender,mkenderp6@comsenz.com,Female,45.8.46.129,2020-09-12 11:23:25
908,Konstance,Penrose,kpenrosep7@jugem.jp,Female,141.180.65.232,2020-01-18 07:43:29
909,Lynette,Wilman,lwilmanp8@unesco.org,Female,43.112.168.53,2019-04-25 00:57:22
910,Aimee,Polfer,apolferp9@naver.com,Female,249.92.104.159,2020-05-08 19:14:15
911,Pat,McNabb,pmcnabbpa@eventbrite.com,Male,64.240.58.31,2020-05-09 05:52:06
912,Alyss,Stigell,astigellpb@eventbrite.com,Female,219.236.250.26,2020-06-01 09:50:02
913,Ellwood,Capps,ecappspc@e-recht24.de,Male,40.187.189.121,2020-09-30 14:52:58
914,Clary,Oxx,coxxpd@usa.gov,Female,104.68.65.32,2019-07-21 05:31:02
915,Haven,Alfuso,halfusope@elegantthemes.com,Male,136.104.216.97,2020-09-29 13:14:17
916,Adriane,Dyball,adyballpf@1und1.de,Female,81.68.219.36,2019-03-13 18:40:05
917,Yuri,Roseaman,yroseamanpg@miibeian.gov.cn,Male,235.179.96.112,2019-02-16 23:58:00
918,Junette,Dunsleve,jdunsleveph@craigslist.org,Female,133.217.16.21,2019-07-31 06:32:33
919,Alasteir,Sancho,asanchopi@pen.io,Male,174.151.32.39,2020-09-30 02:48:37
920,Ahmad,Milillo,amilillopj@webeden.co.uk,Male,89.69.199.146,2020-12-09 22:41:47
921,Linn,Megany,lmeganypk@google.fr,Male,6.154.178.170,2019-07-06 05:44:58
922,Avrit,Le Floch,aleflochpl@4shared.com,Female,60.128.52.150,2020-05-17 17:46:35
923,Yvette,Pyson,ypysonpm@zimbio.com,Female,212.33.28.75,2020-01-31 04:18:00
924,Veradis,Hobson,vhobsonpn@irs.gov,Female,89.183.207.170,2019-06-13 00:49:08
925,Davey,Sunock,dsunockpo@networksolutions.com,Male,113.19.74.155,2019-08-15 10:42:26
926,Camilla,Denford,cdenfordpp@mapy.cz,Female,89.200.185.43,2019-11-11 17:27:15
927,Rozina,Tellwright,rtellwrightpq@oakley.com,Female,72.99.15.0,2020-02-24 07:15:49
928,Saba,Earles,searlespr@hubpages.com,Female,100.131.227.135,2019-10-18 20:08:21
929,Brand,Dinzey,bdinzeyps@chron.com,Male,191.9.166.139,2020-11-10 01:48:23
930,Adan,Brailey,abraileypt@trellian.com,Female,116.239.192.171,2019-11-11 04:48:51
931,Celestyna,Chown,cchownpu@163.com,Female,81.131.190.25,2019-07-01 17:36:30
932,Pauly,Brunning,pbrunningpv@thetimes.co.uk,Female,22.255.232.63,2019-07-16 22:38:36
933,Britte,Gilardoni,bgilardonipw@reuters.com,Female,27.34.117.9,2019-07-05 06:41:22
934,Anitra,McMurty,amcmurtypx@ifeng.com,Female,99.207.182.207,2019-10-03 08:12:32
935,Glynn,Mushet,gmushetpy@soup.io,Male,5.169.73.199,2020-08-23 22:22:08
936,Alair,Huckfield,ahuckfieldpz@independent.co.uk,Male,129.30.133.195,2020-10-03 08:31:30
937,Berkly,Courteney,bcourteneyq0@g.co,Male,104.88.23.179,2020-05-11 08:46:11
938,Merilee,Vallentin,mvallentinq1@pbs.org,Female,225.158.175.64,2020-09-02 21:57:01
939,Brandon,Cruse,bcruseq2@creativecommons.org,Male,143.158.176.39,2019-07-04 05:10:29
940,Frederica,Boness,fbonessq3@smh.com.au,Female,206.186.239.116,2019-11-20 23:46:03
941,Gwyneth,Athridge,gathridgeq4@webs.com,Female,86.208.125.86,2020-04-22 06:08:42
942,Tynan,Learmont,tlearmontq5@rediff.com,Male,19.173.15.4,2019-05-15 14:14:36
943,Aileen,Flipek,aflipekq6@ed.gov,Female,227.50.26.79,2019-09-07 05:33:28
944,Josy,Attenborough,jattenboroughq7@scientificamerican.com,Female,230.188.194.73,2019-07-31 12:24:31
945,Cirstoforo,Dorrity,cdorrityq8@nymag.com,Male,51.51.205.123,2020-04-05 09:39:34
946,Ivan,Brawn,ibrawnq9@narod.ru,Male,69.74.55.70,2020-05-18 07:42:48
947,Rochette,Fairebrother,rfairebrotherqa@networksolutions.com,Female,96.164.138.77,2020-05-29 04:05:00
948,Jodi,Haskew,jhaskewqb@tmall.com,Male,93.5.145.219,2020-01-24 13:43:41
949,Rafaellle,Housden,rhousdenqc@scribd.com,Male,167.5.132.47,2019-02-05 17:09:11
950,Lilias,Azam,lazamqd@google.com,Female,84.147.153.249,2020-05-21 23:52:14
951,Teresa,Ambrogelli,tambrogelliqe@amazonaws.com,Female,57.160.90.91,2020-05-30 08:36:49
952,Jaclin,Chatain,jchatainqf@topsy.com,Female,112.242.72.232,2020-07-16 05:11:20
953,Vivianne,Hutten,vhuttenqg@flavors.me,Female,86.96.148.204,2019-10-21 22:36:53
954,Alexandr,Whiteside,awhitesideqh@cnet.com,Male,186.10.198.253,2019-01-24 04:04:29
955,Creighton,Kitchin,ckitchinqi@soundcloud.com,Male,208.12.248.55,2019-12-23 04:54:00
956,Nydia,Rookesby,nrookesbyqj@miibeian.gov.cn,Female,96.247.38.231,2019-01-14 07:40:44
957,Valerie,Van den Dael,vvandendaelqk@networksolutions.com,Female,201.52.138.109,2019-01-09 07:43:50
958,Diego,Shotboult,dshotboultql@elpais.com,Male,130.161.142.204,2019-02-14 17:16:23
959,Patric,Klempke,pklempkeqm@canalblog.com,Male,96.95.116.100,2020-09-20 19:55:39
960,Dana,Muckloe,dmuckloeqn@alibaba.com,Female,125.88.253.13,2019-02-14 15:43:53
961,Birgit,Aldin,baldinqo@skyrock.com,Female,187.189.206.135,2019-02-28 00:51:53
962,Analise,MacGoun,amacgounqp@51.la,Female,94.177.77.162,2020-10-11 23:26:31
963,Talya,Nurden,tnurdenqq@elegantthemes.com,Female,254.125.145.6,2019-03-04 09:16:38
964,Kasper,Rief,kriefqr@yellowbook.com,Male,186.165.209.166,2019-05-20 07:05:41
965,Boyce,Osant,bosantqs@nbcnews.com,Male,153.208.202.236,2020-05-21 13:05:20
966,Anderea,Parnell,aparnellqt@blogspot.com,Female,168.103.135.0,2019-10-23 10:32:25
967,Dorie,De Biasio,ddebiasioqu@kickstarter.com,Female,175.16.6.149,2020-05-18 19:50:57
968,Adelaida,Prin,aprinqv@nifty.com,Female,18.142.112.7,2020-11-12 00:04:12
969,Marve,Writer,mwriterqw@t.co,Male,255.139.153.46,2020-11-01 08:28:24
970,Xerxes,Flasby,xflasbyqx@howstuffworks.com,Male,10.219.122.184,2019-10-29 10:55:19
971,Martelle,Coweuppe,mcoweuppeqy@zimbio.com,Female,11.46.86.53,2020-09-25 08:37:39
972,Rosetta,Keay,rkeayqz@bing.com,Female,211.26.254.205,2020-01-24 05:46:53
973,Adey,Sawter,asawterr0@live.com,Female,238.31.235.232,2020-10-01 13:52:55
974,Jacquette,Loreit,jloreitr1@mediafire.com,Female,209.206.81.74,2020-01-24 05:31:50
975,Brannon,Hairyes,bhairyesr2@psu.edu,Male,64.140.98.93,2019-11-10 10:33:30
976,Sonya,Tedstone,stedstoner3@zdnet.com,Female,70.60.191.171,2020-12-26 19:51:50
977,Kiley,Cirlos,kcirlosr4@mysql.com,Male,176.170.25.107,2020-09-25 15:40:08
978,Welsh,Eldred,weldredr5@jigsy.com,Male,21.134.97.111,2019-07-19 13:34:21
979,Corrine,Storres,cstorresr6@skyrock.com,Female,112.251.149.87,2020-05-12 21:20:21
980,Annabell,Blaskett,ablaskettr7@cdbaby.com,Female,72.54.182.239,2020-08-30 12:36:35
981,Delcina,Coode,dcooder8@jiathis.com,Female,204.6.197.235,2020-10-19 19:46:37
982,Humbert,McNair,hmcnairr9@fotki.com,Male,98.117.226.122,2019-04-21 07:47:46
983,Abbot,Raftery,arafteryra@businessinsider.com,Male,84.122.247.65,2020-02-08 09:45:59
984,Dru,Billinge,dbillingerb@globo.com,Female,63.176.109.178,2020-09-05 09:13:11
985,Goldy,Olfert,golfertrc@icq.com,Female,20.91.131.238,2019-04-22 23:57:58
986,Carolin,Stidston,cstidstonrd@cnet.com,Female,198.164.116.182,2019-05-20 15:54:46
987,Angelico,Kunath,akunathre@scientificamerican.com,Male,170.88.66.154,2020-10-01 07:12:31
988,Hazlett,Tutchener,htutchenerrf@loc.gov,Male,40.58.222.28,2019-10-21 23:09:37
989,Franni,Dresser,fdresserrg@cnbc.com,Female,149.48.138.184,2020-01-07 07:44:39
990,Blondy,Yve,byverh@phpbb.com,Female,135.47.87.227,2019-02-12 11:25:43
991,Hildagarde,Ourry,hourryri@cam.ac.uk,Female,193.128.84.96,2020-11-08 02:11:53
992,Tripp,Boundley,tboundleyrj@csmonitor.com,Male,0.181.229.218,2020-09-22 18:21:00
993,Kinnie,Connealy,kconnealyrk@angelfire.com,Male,55.254.108.191,2019-12-27 08:52:16
994,Norrie,Ranshaw,nranshawrl@ask.com,Female,152.114.236.0,2019-10-09 01:07:18
995,Dione,Radbourne,dradbournerm@pcworld.com,Female,229.8.189.188,2020-06-18 03:59:45
996,Gilemette,Haucke,ghauckern@nbcnews.com,Female,59.12.235.45,2019-06-06 20:42:15
997,Udell,Bedbury,ubedburyro@hibu.com,Male,123.142.3.41,2020-04-18 20:19:35
998,Hall,Rominov,hrominovrp@npr.org,Male,100.149.243.85,2019-10-11 16:33:58
999,Doretta,Syseland,dsyselandrq@samsung.com,Female,175.7.73.241,2020-07-01 12:52:54
1000,Bevon,Swindin,bswindinrr@51.la,Male,91.84.137.161,2019-07-05 16:42:12
